[
  {
    "asset": "BTC",
    "currency": "USD",
    "min_size": "0.002",
    "max_size": "2000.0",
    "increment": "0.001",
    "label": "BTC/USD"
  },
  {
    "asset": "LTC",
    "currency": "USD",
    "min_size": "0.2",
    "max_size": "5000.0",
    "increment": "0.0001",
    "label": "LTC/USD"
  },
  {
    "asset": "LTC",
    "currency": "BTC",
    "min_size": "0.2",
    "max_size": "5000.0",
    "increment": "0.0000001",
    "label": "LTC/BTC"
  },
  {
    "asset": "ETH",
    "currency": "USD",
    "min_size": "0.06",
    "max_size": "5000.0",
    "increment": "0.001",
    "label": "ETH/USD"
  },
  {
    "asset": "ETH",
    "currency": "BTC",
    "min_size": "0.06",
    "max_size": "5000.0",
    "increment": "0.000001",
    "label": "ETH/BTC"
  },
  {
    "asset": "ETC",
    "currency": "BTC",
    "min_size": "1.0",
    "max_size": "100000.0",
    "increment": "0.0000001",
    "label": "ETC/BTC"
  },
  {
    "asset": "ETC",
    "currency": "USD",
    "min_size": "1.0",
    "max_size": "100000.0",
    "increment": "0.0001",
    "label": "ETC/USD"
  },
  {
    "asset": "RRT",
    "currency": "USD",
    "min_size": "294.0",
    "max_size": "100000.0",
    "increment": "0.0000001",
    "label": "RRT/USD"
  },
  {
    "asset": "RRT",
    "currency": "BTC",
    "min_size": "294.0",
    "max_size": "100000.0",
    "increment": "0.0000000001",
    "label": "RRT/BTC"
  },
  {
    "asset": "ZEC",
    "currency": "USD",
    "min_size": "0.1",
    "max_size": "20000.0",
    "increment": "0.001",
    "label": "ZEC/USD"
  },
  {
    "asset": "ZEC",
    "currency": "BTC",
    "min_size": "0.1",
    "max_size": "20000.0",
    "increment": "0.000001",
    "label": "ZEC/BTC"
  },
  {
    "asset": "XMR",
    "currency": "USD",
    "min_size": "0.2",
    "max_size": "5000.0",
    "increment": "0.0001",
    "label": "XMR/USD"
  },
  {
    "asset": "XMR",
    "currency": "BTC",
    "min_size": "0.2",
    "max_size": "5000.0",
    "increment": "0.0000001",
    "label": "XMR/BTC"
  },
  {
    "asset": "DSH",
    "currency": "USD",
    "min_size": "0.08",
    "max_size": "5000.0",
    "increment": "0.001",
    "label": "DSH/USD"
  },
  {
    "asset": "DSH",
    "currency": "BTC",
    "min_size": "0.08",
    "max_size": "5000.0",
    "increment": "0.000001",
    "label": "DSH/BTC"
  },
  {
    "asset": "BTC",
    "currency": "EUR",
    "min_size": "0.002",
    "max_size": "2000.0",
    "increment": "0.000001",
    "label": "BTC/EUR"
  },
  {
    "asset": "BTC",
    "currency": "JPY",
    "min_size": "0.002",
    "max_size": "2000.0",
    "increment": "0.000001",
    "label": "BTC/JPY"
  },
  {
    "asset": "XRP",
    "currency": "USD",
    "min_size": "38.0",
    "max_size": "200000.0",
    "increment": "0.000001",
    "label": "XRP/USD"
  },
  {
    "asset": "XRP",
    "currency": "BTC",
    "min_size": "38.0",
    "max_size": "200000.0",
    "increment": "0.000000001",
    "label": "XRP/BTC"
  },
  {
    "asset": "IOT",
    "currency": "USD",
    "min_size": "20.0",
    "max_size": "100000.0",
    "increment": "0.00001",
    "label": "IOT/USD"
  },
  {
    "asset": "IOT",
    "currency": "BTC",
    "min_size": "20.0",
    "max_size": "100000.0",
    "increment": "0.00000001",
    "label": "IOT/BTC"
  },
  {
    "asset": "IOT",
    "currency": "ETH",
    "min_size": "20.0",
    "max_size": "100000.0",
    "increment": "0.00000001",
    "label": "IOT/ETH"
  },
  {
    "asset": "EOS",
    "currency": "USD",
    "min_size": "2.0",
    "max_size": "50000.0",
    "increment": "0.00001",
    "label": "EOS/USD"
  },
  {
    "asset": "EOS",
    "currency": "BTC",
    "min_size": "2.0",
    "max_size": "50000.0",
    "increment": "0.00000001",
    "label": "EOS/BTC"
  },
  {
    "asset": "EOS",
    "currency": "ETH",
    "min_size": "2.0",
    "max_size": "50000.0",
    "increment": "0.00000001",
    "label": "EOS/ETH"
  },
  {
    "asset": "SAN",
    "currency": "USD",
    "min_size": "24.0",
    "max_size": "200000.0",
    "increment": "0.00001",
    "label": "SAN/USD"
  },
  {
    "asset": "SAN",
    "currency": "BTC",
    "min_size": "24.0",
    "max_size": "200000.0",
    "increment": "0.00000001",
    "label": "SAN/BTC"
  },
  {
    "asset": "SAN",
    "currency": "ETH",
    "min_size": "24.0",
    "max_size": "200000.0",
    "increment": "0.00000001",
    "label": "SAN/ETH"
  },
  {
    "asset": "OMG",
    "currency": "USD",
    "min_size": "4.0",
    "max_size": "100000.0",
    "increment": "0.00001",
    "label": "OMG/USD"
  },
  {
    "asset": "OMG",
    "currency": "BTC",
    "min_size": "4.0",
    "max_size": "100000.0",
    "increment": "0.00000001",
    "label": "OMG/BTC"
  },
  {
    "asset": "OMG",
    "currency": "ETH",
    "min_size": "4.0",
    "max_size": "100000.0",
    "increment": "0.00000001",
    "label": "OMG/ETH"
  },
  {
    "asset": "BCH",
    "currency": "USD",
    "min_size": "0.02",
    "max_size": "2000.0",
    "increment": "0.001",
    "label": "BCH/USD"
  },
  {
    "asset": "BCH",
    "currency": "BTC",
    "min_size": "0.02",
    "max_size": "2000.0",
    "increment": "0.000001",
    "label": "BCH/BTC"
  },
  {
    "asset": "BCH",
    "currency": "ETH",
    "min_size": "0.02",
    "max_size": "2000.0",
    "increment": "0.000001",
    "label": "BCH/ETH"
  },
  {
    "asset": "NEO",
    "currency": "USD",
    "min_size": "0.6",
    "max_size": "10000.0",
    "increment": "0.0001",
    "label": "NEO/USD"
  },
  {
    "asset": "NEO",
    "currency": "BTC",
    "min_size": "0.6",
    "max_size": "10000.0",
    "increment": "0.0000001",
    "label": "NEO/BTC"
  },
  {
    "asset": "NEO",
    "currency": "ETH",
    "min_size": "0.6",
    "max_size": "10000.0",
    "increment": "0.0000001",
    "label": "NEO/ETH"
  },
  {
    "asset": "ETP",
    "currency": "USD",
    "min_size": "8.0",
    "max_size": "10000.0",
    "increment": "0.00001",
    "label": "ETP/USD"
  },
  {
    "asset": "ETP",
    "currency": "BTC",
    "min_size": "8.0",
    "max_size": "10000.0",
    "increment": "0.00000001",
    "label": "ETP/BTC"
  },
  {
    "asset": "ETP",
    "currency": "ETH",
    "min_size": "8.0",
    "max_size": "10000.0",
    "increment": "0.00000001",
    "label": "ETP/ETH"
  },
  {
    "asset": "QTM",
    "currency": "USD",
    "min_size": "4.0",
    "max_size": "2000.0",
    "increment": "0.00001",
    "label": "QTM/USD"
  },
  {
    "asset": "QTM",
    "currency": "BTC",
    "min_size": "4.0",
    "max_size": "2000.0",
    "increment": "0.00000001",
    "label": "QTM/BTC"
  },
  {
    "asset": "QTM",
    "currency": "ETH",
    "min_size": "4.0",
    "max_size": "2000.0",
    "increment": "0.00000001",
    "label": "QTM/ETH"
  },
  {
    "asset": "AVT",
    "currency": "USD",
    "min_size": "26.0",
    "max_size": "50000.0",
    "increment": "0.00001",
    "label": "AVT/USD"
  },
  {
    "asset": "AVT",
    "currency": "BTC",
    "min_size": "26.0",
    "max_size": "50000.0",
    "increment": "0.00000001",
    "label": "AVT/BTC"
  },
  {
    "asset": "AVT",
    "currency": "ETH",
    "min_size": "26.0",
    "max_size": "50000.0",
    "increment": "0.00000001",
    "label": "AVT/ETH"
  },
  {
    "asset": "EDO",
    "currency": "USD",
    "min_size": "16.0",
    "max_size": "50000.0",
    "increment": "0.00001",
    "label": "EDO/USD"
  },
  {
    "asset": "EDO",
    "currency": "BTC",
    "min_size": "16.0",
    "max_size": "50000.0",
    "increment": "0.00000001",
    "label": "EDO/BTC"
  },
  {
    "asset": "EDO",
    "currency": "ETH",
    "min_size": "16.0",
    "max_size": "50000.0",
    "increment": "0.00000001",
    "label": "EDO/ETH"
  },
  {
    "asset": "BTG",
    "currency": "USD",
    "min_size": "0.6",
    "max_size": "2000.0",
    "increment": "0.0001",
    "label": "BTG/USD"
  },
  {
    "asset": "BTG",
    "currency": "BTC",
    "min_size": "0.6",
    "max_size": "2000.0",
    "increment": "0.0000001",
    "label": "BTG/BTC"
  },
  {
    "asset": "DAT",
    "currency": "USD",
    "min_size": "352.0",
    "max_size": "250000.0",
    "increment": "0.0000001",
    "label": "DAT/USD"
  },
  {
    "asset": "DAT",
    "currency": "BTC",
    "min_size": "352.0",
    "max_size": "250000.0",
    "increment": "0.0000000001",
    "label": "DAT/BTC"
  },
  {
    "asset": "DAT",
    "currency": "ETH",
    "min_size": "352.0",
    "max_size": "250000.0",
    "increment": "0.0000000001",
    "label": "DAT/ETH"
  },
  {
    "asset": "QSH",
    "currency": "USD",
    "min_size": "68.0",
    "max_size": "50000.0",
    "increment": "0.000001",
    "label": "QSH/USD"
  },
  {
    "asset": "QSH",
    "currency": "BTC",
    "min_size": "68.0",
    "max_size": "50000.0",
    "increment": "0.000000001",
    "label": "QSH/BTC"
  },
  {
    "asset": "QSH",
    "currency": "ETH",
    "min_size": "68.0",
    "max_size": "50000.0",
    "increment": "0.000000001",
    "label": "QSH/ETH"
  },
  {
    "asset": "YYW",
    "currency": "USD",
    "min_size": "510.0",
    "max_size": "50000.0",
    "increment": "0.0000001",
    "label": "YYW/USD"
  },
  {
    "asset": "YYW",
    "currency": "BTC",
    "min_size": "510.0",
    "max_size": "50000.0",
    "increment": "0.0000000001",
    "label": "YYW/BTC"
  },
  {
    "asset": "YYW",
    "currency": "ETH",
    "min_size": "510.0",
    "max_size": "50000.0",
    "increment": "0.0000000001",
    "label": "YYW/ETH"
  },
  {
    "asset": "GNT",
    "currency": "USD",
    "min_size": "80.0",
    "max_size": "200000.0",
    "increment": "0.000001",
    "label": "GNT/USD"
  },
  {
    "asset": "GNT",
    "currency": "BTC",
    "min_size": "80.0",
    "max_size": "200000.0",
    "increment": "0.000000001",
    "label": "GNT/BTC"
  },
  {
    "asset": "GNT",
    "currency": "ETH",
    "min_size": "80.0",
    "max_size": "200000.0",
    "increment": "0.000000001",
    "label": "GNT/ETH"
  },
  {
    "asset": "SNT",
    "currency": "USD",
    "min_size": "318.0",
    "max_size": "200000.0",
    "increment": "0.0000001",
    "label": "SNT/USD"
  },
  {
    "asset": "SNT",
    "currency": "BTC",
    "min_size": "318.0",
    "max_size": "200000.0",
    "increment": "0.0000000001",
    "label": "SNT/BTC"
  },
  {
    "asset": "SNT",
    "currency": "ETH",
    "min_size": "318.0",
    "max_size": "200000.0",
    "increment": "0.0000000001",
    "label": "SNT/ETH"
  },
  {
    "asset": "IOT",
    "currency": "EUR",
    "min_size": "20.0",
    "max_size": "100000.0",
    "increment": "0.00000001",
    "label": "IOT/EUR"
  },
  {
    "asset": "BAT",
    "currency": "USD",
    "min_size": "70.0",
    "max_size": "200000.0",
    "increment": "0.000001",
    "label": "BAT/USD"
  },
  {
    "asset": "BAT",
    "currency": "BTC",
    "min_size": "70.0",
    "max_size": "200000.0",
    "increment": "0.000000001",
    "label": "BAT/BTC"
  },
  {
    "asset": "BAT",
    "currency": "ETH",
    "min_size": "70.0",
    "max_size": "200000.0",
    "increment": "0.000000001",
    "label": "BAT/ETH"
  },
  {
    "asset": "MNA",
    "currency": "USD",
    "min_size": "164.0",
    "max_size": "200000.0",
    "increment": "0.0000001",
    "label": "MNA/USD"
  },
  {
    "asset": "MNA",
    "currency": "BTC",
    "min_size": "164.0",
    "max_size": "200000.0",
    "increment": "0.0000000001",
    "label": "MNA/BTC"
  },
  {
    "asset": "MNA",
    "currency": "ETH",
    "min_size": "164.0",
    "max_size": "200000.0",
    "increment": "0.0000000001",
    "label": "MNA/ETH"
  },
  {
    "asset": "FUN",
    "currency": "USD",
    "min_size": "812.0",
    "max_size": "200000.0",
    "increment": "0.0000001",
    "label": "FUN/USD"
  },
  {
    "asset": "FUN",
    "currency": "BTC",
    "min_size": "812.0",
    "max_size": "200000.0",
    "increment": "0.0000000001",
    "label": "FUN/BTC"
  },
  {
    "asset": "FUN",
    "currency": "ETH",
    "min_size": "812.0",
    "max_size": "200000.0",
    "increment": "0.0000000001",
    "label": "FUN/ETH"
  },
  {
    "asset": "ZRX",
    "currency": "USD",
    "min_size": "20.0",
    "max_size": "200000.0",
    "increment": "0.00001",
    "label": "ZRX/USD"
  },
  {
    "asset": "ZRX",
    "currency": "BTC",
    "min_size": "20.0",
    "max_size": "200000.0",
    "increment": "0.00000001",
    "label": "ZRX/BTC"
  },
  {
    "asset": "ZRX",
    "currency": "ETH",
    "min_size": "20.0",
    "max_size": "200000.0",
    "increment": "0.00000001",
    "label": "ZRX/ETH"
  },
  {
    "asset": "TNB",
    "currency": "USD",
    "min_size": "1302.0",
    "max_size": "200000.0",
    "increment": "0.0000001",
    "label": "TNB/USD"
  },
  {
    "asset": "TNB",
    "currency": "BTC",
    "min_size": "1302.0",
    "max_size": "200000.0",
    "increment": "0.0000000001",
    "label": "TNB/BTC"
  },
  {
    "asset": "TNB",
    "currency": "ETH",
    "min_size": "1302.0",
    "max_size": "200000.0",
    "increment": "0.0000000001",
    "label": "TNB/ETH"
  },
  {
    "asset": "SPK",
    "currency": "USD",
    "min_size": "288.0",
    "max_size": "200000.0",
    "increment": "0.0000001",
    "label": "SPK/USD"
  },
  {
    "asset": "SPK",
    "currency": "BTC",
    "min_size": "288.0",
    "max_size": "200000.0",
    "increment": "0.0000000001",
    "label": "SPK/BTC"
  },
  {
    "asset": "SPK",
    "currency": "ETH",
    "min_size": "288.0",
    "max_size": "200000.0",
    "increment": "0.0000000001",
    "label": "SPK/ETH"
  },
  {
    "asset": "TRX",
    "currency": "USD",
    "min_size": "548.0",
    "max_size": "1000000.0",
    "increment": "0.0000001",
    "label": "TRX/USD"
  },
  {
    "asset": "TRX",
    "currency": "BTC",
    "min_size": "548.0",
    "max_size": "1000000.0",
    "increment": "0.0000000001",
    "label": "TRX/BTC"
  },
  {
    "asset": "TRX",
    "currency": "ETH",
    "min_size": "548.0",
    "max_size": "1000000.0",
    "increment": "0.0000000001",
    "label": "TRX/ETH"
  },
  {
    "asset": "RCN",
    "currency": "USD",
    "min_size": "518.0",
    "max_size": "200000.0",
    "increment": "0.0000001",
    "label": "RCN/USD"
  },
  {
    "asset": "RCN",
    "currency": "BTC",
    "min_size": "518.0",
    "max_size": "200000.0",
    "increment": "0.0000000001",
    "label": "RCN/BTC"
  },
  {
    "asset": "RCN",
    "currency": "ETH",
    "min_size": "518.0",
    "max_size": "200000.0",
    "increment": "0.0000000001",
    "label": "RCN/ETH"
  },
  {
    "asset": "RLC",
    "currency": "USD",
    "min_size": "32.0",
    "max_size": "25000.0",
    "increment": "0.000001",
    "label": "RLC/USD"
  },
  {
    "asset": "RLC",
    "currency": "BTC",
    "min_size": "32.0",
    "max_size": "25000.0",
    "increment": "0.000000001",
    "label": "RLC/BTC"
  },
  {
    "asset": "RLC",
    "currency": "ETH",
    "min_size": "32.0",
    "max_size": "25000.0",
    "increment": "0.000000001",
    "label": "RLC/ETH"
  },
  {
    "asset": "AID",
    "currency": "USD",
    "min_size": "208.0",
    "max_size": "200000.0",
    "increment": "0.0000001",
    "label": "AID/USD"
  },
  {
    "asset": "AID",
    "currency": "BTC",
    "min_size": "208.0",
    "max_size": "200000.0",
    "increment": "0.0000000001",
    "label": "AID/BTC"
  },
  {
    "asset": "AID",
    "currency": "ETH",
    "min_size": "208.0",
    "max_size": "200000.0",
    "increment": "0.0000000001",
    "label": "AID/ETH"
  },
  {
    "asset": "SNG",
    "currency": "USD",
    "min_size": "562.0",
    "max_size": "200000.0",
    "increment": "0.0000001",
    "label": "SNG/USD"
  },
  {
    "asset": "SNG",
    "currency": "BTC",
    "min_size": "562.0",
    "max_size": "200000.0",
    "increment": "0.0000000001",
    "label": "SNG/BTC"
  },
  {
    "asset": "SNG",
    "currency": "ETH",
    "min_size": "562.0",
    "max_size": "200000.0",
    "increment": "0.0000000001",
    "label": "SNG/ETH"
  },
  {
    "asset": "REP",
    "currency": "USD",
    "min_size": "0.8",
    "max_size": "1000.0",
    "increment": "0.0001",
    "label": "REP/USD"
  },
  {
    "asset": "REP",
    "currency": "BTC",
    "min_size": "0.8",
    "max_size": "1000.0",
    "increment": "0.0000001",
    "label": "REP/BTC"
  },
  {
    "asset": "REP",
    "currency": "ETH",
    "min_size": "0.8",
    "max_size": "1000.0",
    "increment": "0.0000001",
    "label": "REP/ETH"
  },
  {
    "asset": "ELF",
    "currency": "USD",
    "min_size": "32.0",
    "max_size": "25000.0",
    "increment": "0.000001",
    "label": "ELF/USD"
  },
  {
    "asset": "ELF",
    "currency": "BTC",
    "min_size": "32.0",
    "max_size": "25000.0",
    "increment": "0.000000001",
    "label": "ELF/BTC"
  },
  {
    "asset": "ELF",
    "currency": "ETH",
    "min_size": "32.0",
    "max_size": "25000.0",
    "increment": "0.000000001",
    "label": "ELF/ETH"
  },
  {
    "asset": "BTC",
    "currency": "GBP",
    "min_size": "0.002",
    "max_size": "2000.0",
    "increment": "0.000001",
    "label": "BTC/GBP"
  },
  {
    "asset": "ETH",
    "currency": "EUR",
    "min_size": "0.06",
    "max_size": "5000.0",
    "increment": "0.000001",
    "label": "ETH/EUR"
  },
  {
    "asset": "ETH",
    "currency": "JPY",
    "min_size": "0.06",
    "max_size": "5000.0",
    "increment": "0.000001",
    "label": "ETH/JPY"
  },
  {
    "asset": "ETH",
    "currency": "GBP",
    "min_size": "0.06",
    "max_size": "5000.0",
    "increment": "0.000001",
    "label": "ETH/GBP"
  },
  {
    "asset": "NEO",
    "currency": "EUR",
    "min_size": "0.6",
    "max_size": "10000.0",
    "increment": "0.0000001",
    "label": "NEO/EUR"
  },
  {
    "asset": "NEO",
    "currency": "JPY",
    "min_size": "0.6",
    "max_size": "10000.0",
    "increment": "0.0000001",
    "label": "NEO/JPY"
  },
  {
    "asset": "NEO",
    "currency": "GBP",
    "min_size": "0.6",
    "max_size": "10000.0",
    "increment": "0.0000001",
    "label": "NEO/GBP"
  },
  {
    "asset": "EOS",
    "currency": "EUR",
    "min_size": "2.0",
    "max_size": "50000.0",
    "increment": "0.00000001",
    "label": "EOS/EUR"
  },
  {
    "asset": "EOS",
    "currency": "JPY",
    "min_size": "2.0",
    "max_size": "50000.0",
    "increment": "0.00000001",
    "label": "EOS/JPY"
  },
  {
    "asset": "EOS",
    "currency": "GBP",
    "min_size": "2.0",
    "max_size": "50000.0",
    "increment": "0.00000001",
    "label": "EOS/GBP"
  },
  {
    "asset": "IOT",
    "currency": "JPY",
    "min_size": "20.0",
    "max_size": "100000.0",
    "increment": "0.00000001",
    "label": "IOT/JPY"
  },
  {
    "asset": "IOT",
    "currency": "GBP",
    "min_size": "20.0",
    "max_size": "100000.0",
    "increment": "0.00000001",
    "label": "IOT/GBP"
  },
  {
    "asset": "IOS",
    "currency": "USD",
    "min_size": "882.0",
    "max_size": "200000.0",
    "increment": "0.0000001",
    "label": "IOS/USD"
  },
  {
    "asset": "IOS",
    "currency": "BTC",
    "min_size": "882.0",
    "max_size": "200000.0",
    "increment": "0.0000000001",
    "label": "IOS/BTC"
  },
  {
    "asset": "IOS",
    "currency": "ETH",
    "min_size": "882.0",
    "max_size": "200000.0",
    "increment": "0.0000000001",
    "label": "IOS/ETH"
  },
  {
    "asset": "AIO",
    "currency": "USD",
    "min_size": "24.0",
    "max_size": "20000.0",
    "increment": "0.00001",
    "label": "AIO/USD"
  },
  {
    "asset": "AIO",
    "currency": "BTC",
    "min_size": "24.0",
    "max_size": "20000.0",
    "increment": "0.00000001",
    "label": "AIO/BTC"
  },
  {
    "asset": "AIO",
    "currency": "ETH",
    "min_size": "24.0",
    "max_size": "20000.0",
    "increment": "0.00000001",
    "label": "AIO/ETH"
  },
  {
    "asset": "REQ",
    "currency": "USD",
    "min_size": "302.0",
    "max_size": "100000.0",
    "increment": "0.0000001",
    "label": "REQ/USD"
  },
  {
    "asset": "REQ",
    "currency": "BTC",
    "min_size": "302.0",
    "max_size": "100000.0",
    "increment": "0.0000000001",
    "label": "REQ/BTC"
  },
  {
    "asset": "REQ",
    "currency": "ETH",
    "min_size": "302.0",
    "max_size": "100000.0",
    "increment": "0.0000000001",
    "label": "REQ/ETH"
  },
  {
    "asset": "RDN",
    "currency": "USD",
    "min_size": "32.0",
    "max_size": "20000.0",
    "increment": "0.000001",
    "label": "RDN/USD"
  },
  {
    "asset": "RDN",
    "currency": "BTC",
    "min_size": "32.0",
    "max_size": "20000.0",
    "increment": "0.000000001",
    "label": "RDN/BTC"
  },
  {
    "asset": "RDN",
    "currency": "ETH",
    "min_size": "32.0",
    "max_size": "20000.0",
    "increment": "0.000000001",
    "label": "RDN/ETH"
  },
  {
    "asset": "LRC",
    "currency": "USD",
    "min_size": "134.0",
    "max_size": "50000.0",
    "increment": "0.0000001",
    "label": "LRC/USD"
  },
  {
    "asset": "LRC",
    "currency": "BTC",
    "min_size": "134.0",
    "max_size": "50000.0",
    "increment": "0.0000000001",
    "label": "LRC/BTC"
  },
  {
    "asset": "LRC",
    "currency": "ETH",
    "min_size": "134.0",
    "max_size": "50000.0",
    "increment": "0.0000000001",
    "label": "LRC/ETH"
  },
  {
    "asset": "WAX",
    "currency": "USD",
    "min_size": "166.0",
    "max_size": "50000.0",
    "increment": "0.0000001",
    "label": "WAX/USD"
  },
  {
    "asset": "WAX",
    "currency": "BTC",
    "min_size": "166.0",
    "max_size": "50000.0",
    "increment": "0.0000000001",
    "label": "WAX/BTC"
  },
  {
    "asset": "WAX",
    "currency": "ETH",
    "min_size": "166.0",
    "max_size": "50000.0",
    "increment": "0.0000000001",
    "label": "WAX/ETH"
  },
  {
    "asset": "DAI",
    "currency": "USD",
    "min_size": "10.0",
    "max_size": "20000.0",
    "increment": "0.00001",
    "label": "DAI/USD"
  },
  {
    "asset": "DAI",
    "currency": "BTC",
    "min_size": "10.0",
    "max_size": "20000.0",
    "increment": "0.00000001",
    "label": "DAI/BTC"
  },
  {
    "asset": "DAI",
    "currency": "ETH",
    "min_size": "10.0",
    "max_size": "20000.0",
    "increment": "0.00000001",
    "label": "DAI/ETH"
  },
  {
    "asset": "CFI",
    "currency": "USD",
    "min_size": "566.0",
    "max_size": "40000.0",
    "increment": "0.0000001",
    "label": "CFI/USD"
  },
  {
    "asset": "CFI",
    "currency": "BTC",
    "min_size": "566.0",
    "max_size": "40000.0",
    "increment": "0.0000000001",
    "label": "CFI/BTC"
  },
  {
    "asset": "CFI",
    "currency": "ETH",
    "min_size": "566.0",
    "max_size": "40000.0",
    "increment": "0.0000000001",
    "label": "CFI/ETH"
  },
  {
    "asset": "AGI",
    "currency": "USD",
    "min_size": "268.0",
    "max_size": "200000.0",
    "increment": "0.0000001",
    "label": "AGI/USD"
  },
  {
    "asset": "AGI",
    "currency": "BTC",
    "min_size": "268.0",
    "max_size": "200000.0",
    "increment": "0.0000000001",
    "label": "AGI/BTC"
  },
  {
    "asset": "AGI",
    "currency": "ETH",
    "min_size": "268.0",
    "max_size": "200000.0",
    "increment": "0.0000000001",
    "label": "AGI/ETH"
  },
  {
    "asset": "BFT",
    "currency": "USD",
    "min_size": "260.0",
    "max_size": "200000.0",
    "increment": "0.0000001",
    "label": "BFT/USD"
  },
  {
    "asset": "BFT",
    "currency": "BTC",
    "min_size": "260.0",
    "max_size": "200000.0",
    "increment": "0.0000000001",
    "label": "BFT/BTC"
  },
  {
    "asset": "BFT",
    "currency": "ETH",
    "min_size": "260.0",
    "max_size": "200000.0",
    "increment": "0.0000000001",
    "label": "BFT/ETH"
  },
  {
    "asset": "MTN",
    "currency": "USD",
    "min_size": "446.0",
    "max_size": "200000.0",
    "increment": "0.0000001",
    "label": "MTN/USD"
  },
  {
    "asset": "MTN",
    "currency": "BTC",
    "min_size": "446.0",
    "max_size": "200000.0",
    "increment": "0.0000000001",
    "label": "MTN/BTC"
  },
  {
    "asset": "MTN",
    "currency": "ETH",
    "min_size": "446.0",
    "max_size": "200000.0",
    "increment": "0.0000000001",
    "label": "MTN/ETH"
  },
  {
    "asset": "ODE",
    "currency": "USD",
    "min_size": "76.0",
    "max_size": "200000.0",
    "increment": "0.000001",
    "label": "ODE/USD"
  },
  {
    "asset": "ODE",
    "currency": "BTC",
    "min_size": "76.0",
    "max_size": "200000.0",
    "increment": "0.000000001",
    "label": "ODE/BTC"
  },
  {
    "asset": "ODE",
    "currency": "ETH",
    "min_size": "76.0",
    "max_size": "200000.0",
    "increment": "0.000000001",
    "label": "ODE/ETH"
  },
  {
    "asset": "ANT",
    "currency": "USD",
    "min_size": "14.0",
    "max_size": "10000.0",
    "increment": "0.00001",
    "label": "ANT/USD"
  },
  {
    "asset": "ANT",
    "currency": "BTC",
    "min_size": "14.0",
    "max_size": "10000.0",
    "increment": "0.00000001",
    "label": "ANT/BTC"
  },
  {
    "asset": "ANT",
    "currency": "ETH",
    "min_size": "14.0",
    "max_size": "10000.0",
    "increment": "0.00000001",
    "label": "ANT/ETH"
  },
  {
    "asset": "DTH",
    "currency": "USD",
    "min_size": "618.0",
    "max_size": "100000.0",
    "increment": "0.0000001",
    "label": "DTH/USD"
  },
  {
    "asset": "DTH",
    "currency": "BTC",
    "min_size": "618.0",
    "max_size": "100000.0",
    "increment": "0.0000000001",
    "label": "DTH/BTC"
  },
  {
    "asset": "DTH",
    "currency": "ETH",
    "min_size": "618.0",
    "max_size": "100000.0",
    "increment": "0.0000000001",
    "label": "DTH/ETH"
  },
  {
    "asset": "MIT",
    "currency": "USD",
    "min_size": "40.0",
    "max_size": "30000.0",
    "increment": "0.000001",
    "label": "MIT/USD"
  },
  {
    "asset": "MIT",
    "currency": "BTC",
    "min_size": "40.0",
    "max_size": "30000.0",
    "increment": "0.000000001",
    "label": "MIT/BTC"
  },
  {
    "asset": "MIT",
    "currency": "ETH",
    "min_size": "40.0",
    "max_size": "30000.0",
    "increment": "0.000000001",
    "label": "MIT/ETH"
  },
  {
    "asset": "STJ",
    "currency": "USD",
    "min_size": "40.0",
    "max_size": "30000.0",
    "increment": "0.000001",
    "label": "STJ/USD"
  },
  {
    "asset": "STJ",
    "currency": "BTC",
    "min_size": "40.0",
    "max_size": "30000.0",
    "increment": "0.000000001",
    "label": "STJ/BTC"
  },
  {
    "asset": "STJ",
    "currency": "ETH",
    "min_size": "40.0",
    "max_size": "30000.0",
    "increment": "0.000000001",
    "label": "STJ/ETH"
  },
  {
    "asset": "XLM",
    "currency": "USD",
    "min_size": "56.0",
    "max_size": "100000.0",
    "increment": "0.000001",
    "label": "XLM/USD"
  },
  {
    "asset": "XLM",
    "currency": "EUR",
    "min_size": "56.0",
    "max_size": "100000.0",
    "increment": "0.000000001",
    "label": "XLM/EUR"
  },
  {
    "asset": "XLM",
    "currency": "JPY",
    "min_size": "56.0",
    "max_size": "100000.0",
    "increment": "0.000000001",
    "label": "XLM/JPY"
  },
  {
    "asset": "XLM",
    "currency": "GBP",
    "min_size": "56.0",
    "max_size": "100000.0",
    "increment": "0.000000001",
    "label": "XLM/GBP"
  },
  {
    "asset": "XLM",
    "currency": "BTC",
    "min_size": "56.0",
    "max_size": "100000.0",
    "increment": "0.000000001",
    "label": "XLM/BTC"
  },
  {
    "asset": "XLM",
    "currency": "ETH",
    "min_size": "56.0",
    "max_size": "100000.0",
    "increment": "0.000000001",
    "label": "XLM/ETH"
  },
  {
    "asset": "XVG",
    "currency": "USD",
    "min_size": "784.0",
    "max_size": "500000.0",
    "increment": "0.0000001",
    "label": "XVG/USD"
  },
  {
    "asset": "XVG",
    "currency": "EUR",
    "min_size": "784.0",
    "max_size": "500000.0",
    "increment": "0.0000000001",
    "label": "XVG/EUR"
  },
  {
    "asset": "XVG",
    "currency": "JPY",
    "min_size": "784.0",
    "max_size": "500000.0",
    "increment": "0.0000000001",
    "label": "XVG/JPY"
  },
  {
    "asset": "XVG",
    "currency": "GBP",
    "min_size": "784.0",
    "max_size": "500000.0",
    "increment": "0.0000000001",
    "label": "XVG/GBP"
  },
  {
    "asset": "XVG",
    "currency": "BTC",
    "min_size": "784.0",
    "max_size": "500000.0",
    "increment": "0.0000000001",
    "label": "XVG/BTC"
  },
  {
    "asset": "XVG",
    "currency": "ETH",
    "min_size": "784.0",
    "max_size": "500000.0",
    "increment": "0.0000000001",
    "label": "XVG/ETH"
  },
  {
    "asset": "BCI",
    "currency": "USD",
    "min_size": "8.0",
    "max_size": "5000.0",
    "increment": "0.00001",
    "label": "BCI/USD"
  },
  {
    "asset": "BCI",
    "currency": "BTC",
    "min_size": "8.0",
    "max_size": "5000.0",
    "increment": "0.00000001",
    "label": "BCI/BTC"
  },
  {
    "asset": "MKR",
    "currency": "USD",
    "min_size": "0.04",
    "max_size": "50.0",
    "increment": "0.001",
    "label": "MKR/USD"
  },
  {
    "asset": "MKR",
    "currency": "BTC",
    "min_size": "0.04",
    "max_size": "50.0",
    "increment": "0.000001",
    "label": "MKR/BTC"
  },
  {
    "asset": "MKR",
    "currency": "ETH",
    "min_size": "0.04",
    "max_size": "50.0",
    "increment": "0.000001",
    "label": "MKR/ETH"
  },
  {
    "asset": "KNC",
    "currency": "USD",
    "min_size": "28.0",
    "max_size": "20000.0",
    "increment": "0.00001",
    "label": "KNC/USD"
  },
  {
    "asset": "KNC",
    "currency": "BTC",
    "min_size": "28.0",
    "max_size": "20000.0",
    "increment": "0.00000001",
    "label": "KNC/BTC"
  },
  {
    "asset": "KNC",
    "currency": "ETH",
    "min_size": "28.0",
    "max_size": "20000.0",
    "increment": "0.00000001",
    "label": "KNC/ETH"
  },
  {
    "asset": "POA",
    "currency": "USD",
    "min_size": "184.0",
    "max_size": "150000.0",
    "increment": "0.0000001",
    "label": "POA/USD"
  },
  {
    "asset": "POA",
    "currency": "BTC",
    "min_size": "184.0",
    "max_size": "150000.0",
    "increment": "0.0000000001",
    "label": "POA/BTC"
  },
  {
    "asset": "POA",
    "currency": "ETH",
    "min_size": "184.0",
    "max_size": "150000.0",
    "increment": "0.0000000001",
    "label": "POA/ETH"
  },
  {
    "asset": "LYM",
    "currency": "USD",
    "min_size": "874.0",
    "max_size": "400000.0",
    "increment": "0.0000001",
    "label": "LYM/USD"
  },
  {
    "asset": "LYM",
    "currency": "BTC",
    "min_size": "874.0",
    "max_size": "400000.0",
    "increment": "0.0000000001",
    "label": "LYM/BTC"
  },
  {
    "asset": "LYM",
    "currency": "ETH",
    "min_size": "874.0",
    "max_size": "400000.0",
    "increment": "0.0000000001",
    "label": "LYM/ETH"
  },
  {
    "asset": "UTK",
    "currency": "USD",
    "min_size": "426.0",
    "max_size": "300000.0",
    "increment": "0.0000001",
    "label": "UTK/USD"
  },
  {
    "asset": "UTK",
    "currency": "BTC",
    "min_size": "426.0",
    "max_size": "300000.0",
    "increment": "0.0000000001",
    "label": "UTK/BTC"
  },
  {
    "asset": "UTK",
    "currency": "ETH",
    "min_size": "426.0",
    "max_size": "300000.0",
    "increment": "0.0000000001",
    "label": "UTK/ETH"
  },
  {
    "asset": "VEE",
    "currency": "USD",
    "min_size": "1114.0",
    "max_size": "800000.0",
    "increment": "0.0000001",
    "label": "VEE/USD"
  },
  {
    "asset": "VEE",
    "currency": "BTC",
    "min_size": "1114.0",
    "max_size": "800000.0",
    "increment": "0.0000000001",
    "label": "VEE/BTC"
  },
  {
    "asset": "VEE",
    "currency": "ETH",
    "min_size": "1114.0",
    "max_size": "800000.0",
    "increment": "0.0000000001",
    "label": "VEE/ETH"
  },
  {
    "asset": "DAD",
    "currency": "USD",
    "min_size": "140.0",
    "max_size": "200000.0",
    "increment": "0.0000001",
    "label": "DAD/USD"
  },
  {
    "asset": "DAD",
    "currency": "BTC",
    "min_size": "140.0",
    "max_size": "200000.0",
    "increment": "0.0000000001",
    "label": "DAD/BTC"
  },
  {
    "asset": "DAD",
    "currency": "ETH",
    "min_size": "140.0",
    "max_size": "200000.0",
    "increment": "0.0000000001",
    "label": "DAD/ETH"
  },
  {
    "asset": "ORS",
    "currency": "USD",
    "min_size": "476.0",
    "max_size": "500000.0",
    "increment": "0.0000001",
    "label": "ORS/USD"
  },
  {
    "asset": "ORS",
    "currency": "BTC",
    "min_size": "476.0",
    "max_size": "500000.0",
    "increment": "0.0000000001",
    "label": "ORS/BTC"
  },
  {
    "asset": "ORS",
    "currency": "ETH",
    "min_size": "476.0",
    "max_size": "500000.0",
    "increment": "0.0000000001",
    "label": "ORS/ETH"
  },
  {
    "asset": "AUC",
    "currency": "USD",
    "min_size": "242.0",
    "max_size": "150000.0",
    "increment": "0.0000001",
    "label": "AUC/USD"
  },
  {
    "asset": "AUC",
    "currency": "BTC",
    "min_size": "242.0",
    "max_size": "150000.0",
    "increment": "0.0000000001",
    "label": "AUC/BTC"
  },
  {
    "asset": "AUC",
    "currency": "ETH",
    "min_size": "242.0",
    "max_size": "150000.0",
    "increment": "0.0000000001",
    "label": "AUC/ETH"
  },
  {
    "asset": "POY",
    "currency": "USD",
    "min_size": "70.0",
    "max_size": "100000.0",
    "increment": "0.000001",
    "label": "POY/USD"
  },
  {
    "asset": "POY",
    "currency": "BTC",
    "min_size": "70.0",
    "max_size": "100000.0",
    "increment": "0.000000001",
    "label": "POY/BTC"
  },
  {
    "asset": "POY",
    "currency": "ETH",
    "min_size": "70.0",
    "max_size": "100000.0",
    "increment": "0.000000001",
    "label": "POY/ETH"
  },
  {
    "asset": "FSN",
    "currency": "USD",
    "min_size": "14.0",
    "max_size": "10000.0",
    "increment": "0.00001",
    "label": "FSN/USD"
  },
  {
    "asset": "FSN",
    "currency": "BTC",
    "min_size": "14.0",
    "max_size": "10000.0",
    "increment": "0.00000001",
    "label": "FSN/BTC"
  },
  {
    "asset": "FSN",
    "currency": "ETH",
    "min_size": "14.0",
    "max_size": "10000.0",
    "increment": "0.00000001",
    "label": "FSN/ETH"
  },
  {
    "asset": "CBT",
    "currency": "USD",
    "min_size": "1010.0",
    "max_size": "1000000.0",
    "increment": "0.0000001",
    "label": "CBT/USD"
  },
  {
    "asset": "CBT",
    "currency": "BTC",
    "min_size": "1010.0",
    "max_size": "1000000.0",
    "increment": "0.0000000001",
    "label": "CBT/BTC"
  },
  {
    "asset": "CBT",
    "currency": "ETH",
    "min_size": "1010.0",
    "max_size": "1000000.0",
    "increment": "0.0000000001",
    "label": "CBT/ETH"
  },
  {
    "asset": "ZCN",
    "currency": "USD",
    "min_size": "124.0",
    "max_size": "50000.0",
    "increment": "0.000001",
    "label": "ZCN/USD"
  },
  {
    "asset": "ZCN",
    "currency": "BTC",
    "min_size": "124.0",
    "max_size": "50000.0",
    "increment": "0.000000001",
    "label": "ZCN/BTC"
  },
  {
    "asset": "ZCN",
    "currency": "ETH",
    "min_size": "124.0",
    "max_size": "50000.0",
    "increment": "0.000000001",
    "label": "ZCN/ETH"
  },
  {
    "asset": "SEN",
    "currency": "USD",
    "min_size": "3694.0",
    "max_size": "200000.0",
    "increment": "0.0000001",
    "label": "SEN/USD"
  },
  {
    "asset": "SEN",
    "currency": "BTC",
    "min_size": "3694.0",
    "max_size": "200000.0",
    "increment": "0.0000000001",
    "label": "SEN/BTC"
  },
  {
    "asset": "SEN",
    "currency": "ETH",
    "min_size": "3694.0",
    "max_size": "200000.0",
    "increment": "0.0000000001",
    "label": "SEN/ETH"
  },
  {
    "asset": "NCA",
    "currency": "USD",
    "min_size": "1990.0",
    "max_size": "200000.0",
    "increment": "0.0000001",
    "label": "NCA/USD"
  },
  {
    "asset": "NCA",
    "currency": "BTC",
    "min_size": "1990.0",
    "max_size": "200000.0",
    "increment": "0.0000000001",
    "label": "NCA/BTC"
  },
  {
    "asset": "NCA",
    "currency": "ETH",
    "min_size": "1990.0",
    "max_size": "200000.0",
    "increment": "0.0000000001",
    "label": "NCA/ETH"
  },
  {
    "asset": "CND",
    "currency": "USD",
    "min_size": "606.0",
    "max_size": "100000.0",
    "increment": "0.0000001",
    "label": "CND/USD"
  },
  {
    "asset": "CND",
    "currency": "BTC",
    "min_size": "606.0",
    "max_size": "100000.0",
    "increment": "0.0000000001",
    "label": "CND/BTC"
  },
  {
    "asset": "CND",
    "currency": "ETH",
    "min_size": "606.0",
    "max_size": "100000.0",
    "increment": "0.0000000001",
    "label": "CND/ETH"
  },
  {
    "asset": "CTX",
    "currency": "USD",
    "min_size": "36.0",
    "max_size": "50000.0",
    "increment": "0.000001",
    "label": "CTX/USD"
  },
  {
    "asset": "CTX",
    "currency": "BTC",
    "min_size": "36.0",
    "max_size": "50000.0",
    "increment": "0.000000001",
    "label": "CTX/BTC"
  },
  {
    "asset": "CTX",
    "currency": "ETH",
    "min_size": "36.0",
    "max_size": "50000.0",
    "increment": "0.000000001",
    "label": "CTX/ETH"
  },
  {
    "asset": "PAI",
    "currency": "USD",
    "min_size": "52.0",
    "max_size": "100000.0",
    "increment": "0.000001",
    "label": "PAI/USD"
  },
  {
    "asset": "PAI",
    "currency": "BTC",
    "min_size": "52.0",
    "max_size": "100000.0",
    "increment": "0.000000001",
    "label": "PAI/BTC"
  },
  {
    "asset": "SEE",
    "currency": "USD",
    "min_size": "5236.0",
    "max_size": "2000000.0",
    "increment": "0.0000001",
    "label": "SEE/USD"
  },
  {
    "asset": "SEE",
    "currency": "BTC",
    "min_size": "5236.0",
    "max_size": "2000000.0",
    "increment": "0.0000000001",
    "label": "SEE/BTC"
  },
  {
    "asset": "SEE",
    "currency": "ETH",
    "min_size": "5236.0",
    "max_size": "2000000.0",
    "increment": "0.0000000001",
    "label": "SEE/ETH"
  },
  {
    "asset": "ESS",
    "currency": "USD",
    "min_size": "1732.0",
    "max_size": "200000.0",
    "increment": "0.0000001",
    "label": "ESS/USD"
  },
  {
    "asset": "ESS",
    "currency": "BTC",
    "min_size": "1732.0",
    "max_size": "200000.0",
    "increment": "0.0000000001",
    "label": "ESS/BTC"
  },
  {
    "asset": "ESS",
    "currency": "ETH",
    "min_size": "1732.0",
    "max_size": "200000.0",
    "increment": "0.0000000001",
    "label": "ESS/ETH"
  },
  {
    "asset": "ATM",
    "currency": "USD",
    "min_size": "1640.0",
    "max_size": "500000.0",
    "increment": "0.0000001",
    "label": "ATM/USD"
  },
  {
    "asset": "ATM",
    "currency": "BTC",
    "min_size": "1640.0",
    "max_size": "500000.0",
    "increment": "0.0000000001",
    "label": "ATM/BTC"
  },
  {
    "asset": "ATM",
    "currency": "ETH",
    "min_size": "1640.0",
    "max_size": "500000.0",
    "increment": "0.0000000001",
    "label": "ATM/ETH"
  },
  {
    "asset": "HOT",
    "currency": "USD",
    "min_size": "966.0",
    "max_size": "1000000.0",
    "increment": "0.0000001",
    "label": "HOT/USD"
  },
  {
    "asset": "HOT",
    "currency": "BTC",
    "min_size": "966.0",
    "max_size": "1000000.0",
    "increment": "0.0000000001",
    "label": "HOT/BTC"
  },
  {
    "asset": "HOT",
    "currency": "ETH",
    "min_size": "966.0",
    "max_size": "1000000.0",
    "increment": "0.0000000001",
    "label": "HOT/ETH"
  },
  {
    "asset": "DTA",
    "currency": "USD",
    "min_size": "5186.0",
    "max_size": "5000000.0",
    "increment": "0.0000001",
    "label": "DTA/USD"
  },
  {
    "asset": "DTA",
    "currency": "BTC",
    "min_size": "5186.0",
    "max_size": "5000000.0",
    "increment": "0.0000000001",
    "label": "DTA/BTC"
  },
  {
    "asset": "DTA",
    "currency": "ETH",
    "min_size": "5208.0",
    "max_size": "5000000.0",
    "increment": "0.0000000001",
    "label": "DTA/ETH"
  },
  {
    "asset": "IQX",
    "currency": "USD",
    "min_size": "1152.0",
    "max_size": "100000.0",
    "increment": "0.0000001",
    "label": "IQX/USD"
  },
  {
    "asset": "IQX",
    "currency": "BTC",
    "min_size": "1152.0",
    "max_size": "100000.0",
    "increment": "0.0000000001",
    "label": "IQX/BTC"
  },
  {
    "asset": "IQX",
    "currency": "EOS",
    "min_size": "1152.0",
    "max_size": "100000.0",
    "increment": "0.0000000001",
    "label": "IQX/EOS"
  },
  {
    "asset": "WPR",
    "currency": "USD",
    "min_size": "590.0",
    "max_size": "800000.0",
    "increment": "0.0000001",
    "label": "WPR/USD"
  },
  {
    "asset": "WPR",
    "currency": "BTC",
    "min_size": "590.0",
    "max_size": "800000.0",
    "increment": "0.0000000001",
    "label": "WPR/BTC"
  },
  {
    "asset": "WPR",
    "currency": "ETH",
    "min_size": "590.0",
    "max_size": "800000.0",
    "increment": "0.0000000001",
    "label": "WPR/ETH"
  },
  {
    "asset": "ZIL",
    "currency": "USD",
    "min_size": "320.0",
    "max_size": "500000.0",
    "increment": "0.0000001",
    "label": "ZIL/USD"
  },
  {
    "asset": "ZIL",
    "currency": "BTC",
    "min_size": "320.0",
    "max_size": "500000.0",
    "increment": "0.0000000001",
    "label": "ZIL/BTC"
  },
  {
    "asset": "ZIL",
    "currency": "ETH",
    "min_size": "320.0",
    "max_size": "500000.0",
    "increment": "0.0000000001",
    "label": "ZIL/ETH"
  },
  {
    "asset": "BNT",
    "currency": "USD",
    "min_size": "8.0",
    "max_size": "20000.0",
    "increment": "0.00001",
    "label": "BNT/USD"
  },
  {
    "asset": "BNT",
    "currency": "BTC",
    "min_size": "8.0",
    "max_size": "20000.0",
    "increment": "0.00000001",
    "label": "BNT/BTC"
  },
  {
    "asset": "BNT",
    "currency": "ETH",
    "min_size": "8.0",
    "max_size": "20000.0",
    "increment": "0.00000001",
    "label": "BNT/ETH"
  },
  {
    "asset": "ABS",
    "currency": "USD",
    "min_size": "1040.0",
    "max_size": "500000.0",
    "increment": "0.0000001",
    "label": "ABS/USD"
  },
  {
    "asset": "ABS",
    "currency": "ETH",
    "min_size": "1040.0",
    "max_size": "500000.0",
    "increment": "0.0000000001",
    "label": "ABS/ETH"
  },
  {
    "asset": "XRA",
    "currency": "USD",
    "min_size": "296.0",
    "max_size": "500000.0",
    "increment": "0.0000001",
    "label": "XRA/USD"
  },
  {
    "asset": "XRA",
    "currency": "ETH",
    "min_size": "296.0",
    "max_size": "500000.0",
    "increment": "0.0000000001",
    "label": "XRA/ETH"
  },
  {
    "asset": "MAN",
    "currency": "USD",
    "min_size": "48.0",
    "max_size": "50000.0",
    "increment": "0.000001",
    "label": "MAN/USD"
  },
  {
    "asset": "MAN",
    "currency": "ETH",
    "min_size": "48.0",
    "max_size": "50000.0",
    "increment": "0.000000001",
    "label": "MAN/ETH"
  },
  {
    "asset": "BBN",
    "currency": "USD",
    "min_size": "1740.0",
    "max_size": "200000.0",
    "increment": "0.0000001",
    "label": "BBN/USD"
  },
  {
    "asset": "BBN",
    "currency": "ETH",
    "min_size": "1740.0",
    "max_size": "200000.0",
    "increment": "0.0000000001",
    "label": "BBN/ETH"
  },
  {
    "asset": "NIO",
    "currency": "USD",
    "min_size": "676.0",
    "max_size": "200000.0",
    "increment": "0.0000001",
    "label": "NIO/USD"
  },
  {
    "asset": "NIO",
    "currency": "ETH",
    "min_size": "676.0",
    "max_size": "200000.0",
    "increment": "0.0000000001",
    "label": "NIO/ETH"
  },
  {
    "asset": "DGX",
    "currency": "USD",
    "min_size": "0.2",
    "max_size": "750.0",
    "increment": "0.0001",
    "label": "DGX/USD"
  },
  {
    "asset": "DGX",
    "currency": "ETH",
    "min_size": "0.2",
    "max_size": "750.0",
    "increment": "0.0000001",
    "label": "DGX/ETH"
  },
  {
    "asset": "VET",
    "currency": "USD",
    "min_size": "774.0",
    "max_size": "200000.0",
    "increment": "0.0000001",
    "label": "VET/USD"
  },
  {
    "asset": "VET",
    "currency": "BTC",
    "min_size": "774.0",
    "max_size": "200000.0",
    "increment": "0.0000000001",
    "label": "VET/BTC"
  },
  {
    "asset": "VET",
    "currency": "ETH",
    "min_size": "774.0",
    "max_size": "200000.0",
    "increment": "0.0000000001",
    "label": "VET/ETH"
  },
  {
    "asset": "UTN",
    "currency": "USD",
    "min_size": "2206.0",
    "max_size": "5000000.0",
    "increment": "0.0000001",
    "label": "UTN/USD"
  },
  {
    "asset": "UTN",
    "currency": "ETH",
    "min_size": "2206.0",
    "max_size": "5000000.0",
    "increment": "0.0000000001",
    "label": "UTN/ETH"
  },
  {
    "asset": "TKN",
    "currency": "USD",
    "min_size": "28.0",
    "max_size": "50000.0",
    "increment": "0.00001",
    "label": "TKN/USD"
  },
  {
    "asset": "TKN",
    "currency": "ETH",
    "min_size": "28.0",
    "max_size": "50000.0",
    "increment": "0.00000001",
    "label": "TKN/ETH"
  },
  {
    "asset": "GOT",
    "currency": "USD",
    "min_size": "20.0",
    "max_size": "50000.0",
    "increment": "0.00001",
    "label": "GOT/USD"
  },
  {
    "asset": "GOT",
    "currency": "EUR",
    "min_size": "20.0",
    "max_size": "50000.0",
    "increment": "0.00000001",
    "label": "GOT/EUR"
  },
  {
    "asset": "GOT",
    "currency": "ETH",
    "min_size": "20.0",
    "max_size": "50000.0",
    "increment": "0.00000001",
    "label": "GOT/ETH"
  },
  {
    "asset": "XTZ",
    "currency": "USD",
    "min_size": "6.0",
    "max_size": "100000.0",
    "increment": "0.00001",
    "label": "XTZ/USD"
  },
  {
    "asset": "XTZ",
    "currency": "BTC",
    "min_size": "6.0",
    "max_size": "100000.0",
    "increment": "0.00000001",
    "label": "XTZ/BTC"
  },
  {
    "asset": "CNN",
    "currency": "USD",
    "min_size": "21508.0",
    "max_size": "20000000.0",
    "increment": "0.0000001",
    "label": "CNN/USD"
  },
  {
    "asset": "CNN",
    "currency": "ETH",
    "min_size": "21508.0",
    "max_size": "20000000.0",
    "increment": "0.0000000001",
    "label": "CNN/ETH"
  },
  {
    "asset": "BOX",
    "currency": "USD",
    "min_size": "700.0",
    "max_size": "1500000.0",
    "increment": "0.0000001",
    "label": "BOX/USD"
  },
  {
    "asset": "BOX",
    "currency": "ETH",
    "min_size": "700.0",
    "max_size": "1500000.0",
    "increment": "0.0000000001",
    "label": "BOX/ETH"
  }
]