[
  {
    "asset": "LTC",
    "currency": "BTC",
    "min_size": "0.02784181",
    "min_total": "0.0005",
    "max_size": "1000000",
    "increment": "0.00000001",
    "label": "BTC/LTC"
  },
  {
    "asset": "DOGE",
    "currency": "BTC",
    "min_size": "1388.88888889",
    "min_total": "0.0005",
    "max_size": "1000000",
    "increment": "0.00000001",
    "label": "BTC/DOGE"
  },
  {
    "asset": "VTC",
    "currency": "BTC",
    "min_size": "0.44782001",
    "min_total": "0.0005",
    "max_size": "1000000",
    "increment": "0.00000001",
    "label": "BTC/VTC"
  },
  {
    "asset": "PPC",
    "currency": "BTC",
    "min_size": "1.20325360",
    "min_total": "0.0005",
    "max_size": "1000000",
    "increment": "0.00000001",
    "label": "BTC/PPC"
  },
  {
    "asset": "FTC",
    "currency": "BTC",
    "min_size": "15.29051988",
    "min_total": "0.0005",
    "max_size": "1000000",
    "increment": "0.00000001",
    "label": "BTC/FTC"
  },
  {
    "asset": "RDD",
    "currency": "BTC",
    "min_size": "1923.07692308",
    "min_total": "0.0005",
    "max_size": "1000000",
    "increment": "0.00000001",
    "label": "BTC/RDD"
  },
  {
    "asset": "NXT",
    "currency": "BTC",
    "min_size": "24.08477842",
    "min_total": "0.0005",
    "max_size": "1000000",
    "increment": "0.00000001",
    "label": "BTC/NXT"
  },
  {
    "asset": "DASH",
    "currency": "BTC",
    "min_size": "0.00433285",
    "min_total": "0.0005",
    "max_size": "1000000",
    "increment": "0.00000001",
    "label": "BTC/DASH"
  },
  {
    "asset": "POT",
    "currency": "BTC",
    "min_size": "15.11487304",
    "min_total": "0.0005",
    "max_size": "1000000",
    "increment": "0.00000001",
    "label": "BTC/POT"
  },
  {
    "asset": "BLK",
    "currency": "BTC",
    "min_size": "7.80518264",
    "min_total": "0.0005",
    "max_size": "1000000",
    "increment": "0.00000001",
    "label": "BTC/BLK"
  },
  {
    "asset": "EMC2",
    "currency": "BTC",
    "min_size": "16.44736842",
    "min_total": "0.0005",
    "max_size": "1000000",
    "increment": "0.00000001",
    "label": "BTC/EMC2"
  },
  {
    "asset": "XMY",
    "currency": "BTC",
    "min_size": "625.00000000",
    "min_total": "0.0005",
    "max_size": "1000000",
    "increment": "0.00000001",
    "label": "BTC/XMY"
  },
  {
    "asset": "AUR",
    "currency": "BTC",
    "min_size": "3.04506699",
    "min_total": "0.0005",
    "max_size": "1000000",
    "increment": "0.00000001",
    "label": "BTC/AUR"
  },
  {
    "asset": "EFL",
    "currency": "BTC",
    "min_size": "13.29080276",
    "min_total": "0.0005",
    "max_size": "1000000",
    "increment": "0.00000001",
    "label": "BTC/EFL"
  },
  {
    "asset": "GLD",
    "currency": "BTC",
    "min_size": "12.02501203",
    "min_total": "0.0005",
    "max_size": "1000000",
    "increment": "0.00000001",
    "label": "BTC/GLD"
  },
  {
    "asset": "SLR",
    "currency": "BTC",
    "min_size": "3.89954765",
    "min_total": "0.0005",
    "max_size": "1000000",
    "increment": "0.00000001",
    "label": "BTC/SLR"
  },
  {
    "asset": "PTC",
    "currency": "BTC",
    "min_size": "57.73672055",
    "min_total": "0.0005",
    "max_size": "1000000",
    "increment": "0.00000001",
    "label": "BTC/PTC"
  },
  {
    "asset": "GRS",
    "currency": "BTC",
    "min_size": "3.28947368",
    "min_total": "0.0005",
    "max_size": "1000000",
    "increment": "0.00000001",
    "label": "BTC/GRS"
  },
  {
    "asset": "NLG",
    "currency": "BTC",
    "min_size": "23.14814815",
    "min_total": "0.0005",
    "max_size": "1000000",
    "increment": "0.00000001",
    "label": "BTC/NLG"
  },
  {
    "asset": "RBY",
    "currency": "BTC",
    "min_size": "2.64690312",
    "min_total": "0.0005",
    "max_size": "1000000",
    "increment": "0.00000001",
    "label": "BTC/RBY"
  },
  {
    "asset": "XWC",
    "currency": "BTC",
    "min_size": "34.43526171",
    "min_total": "0.0005",
    "max_size": "1000000",
    "increment": "0.00000001",
    "label": "BTC/XWC"
  },
  {
    "asset": "MONA",
    "currency": "BTC",
    "min_size": "0.62084037",
    "min_total": "0.0005",
    "max_size": "1000000",
    "increment": "0.00000001",
    "label": "BTC/MONA"
  },
  {
    "asset": "THC",
    "currency": "BTC",
    "min_size": "112.61261261",
    "min_total": "0.0005",
    "max_size": "1000000",
    "increment": "0.00000001",
    "label": "BTC/THC"
  },
  {
    "asset": "ENRG",
    "currency": "BTC",
    "min_size": "18.32844575",
    "min_total": "0.0005",
    "max_size": "1000000",
    "increment": "0.00000001",
    "label": "BTC/ENRG"
  },
  {
    "asset": "ERC",
    "currency": "BTC",
    "min_size": "3.77187689",
    "min_total": "0.0005",
    "max_size": "1000000",
    "increment": "0.00000001",
    "label": "BTC/ERC"
  },
  {
    "asset": "VRC",
    "currency": "BTC",
    "min_size": "3.93391031",
    "min_total": "0.0005",
    "max_size": "1000000",
    "increment": "0.00000001",
    "label": "BTC/VRC"
  },
  {
    "asset": "CURE",
    "currency": "BTC",
    "min_size": "6.67378537",
    "min_total": "0.0005",
    "max_size": "1000000",
    "increment": "0.00000001",
    "label": "BTC/CURE"
  },
  {
    "asset": "XMR",
    "currency": "BTC",
    "min_size": "0.01470588",
    "min_total": "0.0005",
    "max_size": "1000000",
    "increment": "0.00000001",
    "label": "BTC/XMR"
  },
  {
    "asset": "CLOAK",
    "currency": "BTC",
    "min_size": "0.31171292",
    "min_total": "0.0005",
    "max_size": "1000000",
    "increment": "0.00000001",
    "label": "BTC/CLOAK"
  },
  {
    "asset": "START",
    "currency": "BTC",
    "min_size": "43.32755633",
    "min_total": "0.0005",
    "max_size": "1000000",
    "increment": "0.00000001",
    "label": "BTC/START"
  },
  {
    "asset": "KORE",
    "currency": "BTC",
    "min_size": "0.58139535",
    "min_total": "0.0005",
    "max_size": "1000000",
    "increment": "0.00000001",
    "label": "BTC/KORE"
  },
  {
    "asset": "XDN",
    "currency": "BTC",
    "min_size": "892.85714286",
    "min_total": "0.0005",
    "max_size": "1000000",
    "increment": "0.00000001",
    "label": "BTC/XDN"
  },
  {
    "asset": "TRUST",
    "currency": "BTC",
    "min_size": "17.86990708",
    "min_total": "0.0005",
    "max_size": "1000000",
    "increment": "0.00000001",
    "label": "BTC/TRUST"
  },
  {
    "asset": "NAV",
    "currency": "BTC",
    "min_size": "2.23553608",
    "min_total": "0.0005",
    "max_size": "1000000",
    "increment": "0.00000001",
    "label": "BTC/NAV"
  },
  {
    "asset": "XST",
    "currency": "BTC",
    "min_size": "7.45156483",
    "min_total": "0.0005",
    "max_size": "1000000",
    "increment": "0.00000001",
    "label": "BTC/XST"
  },
  {
    "asset": "BTCD",
    "currency": "BTC",
    "min_size": "0.01634094",
    "min_total": "0.0005",
    "max_size": "1000000",
    "increment": "0.00000001",
    "label": "BTC/BTCD"
  },
  {
    "asset": "VIA",
    "currency": "BTC",
    "min_size": "1.34509846",
    "min_total": "0.0005",
    "max_size": "1000000",
    "increment": "0.00000001",
    "label": "BTC/VIA"
  },
  {
    "asset": "PINK",
    "currency": "BTC",
    "min_size": "87.41258741",
    "min_total": "0.0005",
    "max_size": "1000000",
    "increment": "0.00000001",
    "label": "BTC/PINK"
  },
  {
    "asset": "IOC",
    "currency": "BTC",
    "min_size": "0.75755280",
    "min_total": "0.0005",
    "max_size": "1000000",
    "increment": "0.00000001",
    "label": "BTC/IOC"
  },
  {
    "asset": "CANN",
    "currency": "BTC",
    "min_size": "71.02272727",
    "min_total": "0.0005",
    "max_size": "1000000",
    "increment": "0.00000001",
    "label": "BTC/CANN"
  },
  {
    "asset": "SYS",
    "currency": "BTC",
    "min_size": "9.18779860",
    "min_total": "0.0005",
    "max_size": "1000000",
    "increment": "0.00000001",
    "label": "BTC/SYS"
  },
  {
    "asset": "NEOS",
    "currency": "BTC",
    "min_size": "0.73529412",
    "min_total": "0.0005",
    "max_size": "1000000",
    "increment": "0.00000001",
    "label": "BTC/NEOS"
  },
  {
    "asset": "DGB",
    "currency": "BTC",
    "min_size": "215.51724138",
    "min_total": "0.0005",
    "max_size": "1000000",
    "increment": "0.00000001",
    "label": "BTC/DGB"
  },
  {
    "asset": "BURST",
    "currency": "BTC",
    "min_size": "324.67532468",
    "min_total": "0.0005",
    "max_size": "1000000",
    "increment": "0.00000001",
    "label": "BTC/BURST"
  },
  {
    "asset": "EXCL",
    "currency": "BTC",
    "min_size": "1.67280027",
    "min_total": "0.0005",
    "max_size": "1000000",
    "increment": "0.00000001",
    "label": "BTC/EXCL"
  },
  {
    "asset": "SWIFT",
    "currency": "BTC",
    "min_size": "1.88097209",
    "min_total": "0.0005",
    "max_size": "1000000",
    "increment": "0.00000001",
    "label": "BTC/SWIFT"
  },
  {
    "asset": "DOPE",
    "currency": "BTC",
    "min_size": "91.57509158",
    "min_total": "0.0005",
    "max_size": "1000000",
    "increment": "0.00000001",
    "label": "BTC/DOPE"
  },
  {
    "asset": "BLOCK",
    "currency": "BTC",
    "min_size": "0.08708799",
    "min_total": "0.0005",
    "max_size": "1000000",
    "increment": "0.00000001",
    "label": "BTC/BLOCK"
  },
  {
    "asset": "ABY",
    "currency": "BTC",
    "min_size": "342.46575342",
    "min_total": "0.0005",
    "max_size": "1000000",
    "increment": "0.00000001",
    "label": "BTC/ABY"
  },
  {
    "asset": "BYC",
    "currency": "BTC",
    "min_size": "3.16455696",
    "min_total": "0.0005",
    "max_size": "1000000",
    "increment": "0.00000001",
    "label": "BTC/BYC"
  },
  {
    "asset": "XMG",
    "currency": "BTC",
    "min_size": "7.57575758",
    "min_total": "0.0005",
    "max_size": "1000000",
    "increment": "0.00000001",
    "label": "BTC/XMG"
  },
  {
    "asset": "BLITZ",
    "currency": "BTC",
    "min_size": "2.17089267",
    "min_total": "0.0005",
    "max_size": "1000000",
    "increment": "0.00000001",
    "label": "BTC/BLITZ"
  },
  {
    "asset": "BAY",
    "currency": "BTC",
    "min_size": "42.73504274",
    "min_total": "0.0005",
    "max_size": "1000000",
    "increment": "0.00000001",
    "label": "BTC/BAY"
  },
  {
    "asset": "BTS",
    "currency": "BTC",
    "min_size": "28.21670429",
    "min_total": "0.0005",
    "max_size": "1000000",
    "increment": "0.00000001",
    "label": "BTC/BTS"
  },
  {
    "asset": "FAIR",
    "currency": "BTC",
    "min_size": "1.94749552",
    "min_total": "0.0005",
    "max_size": "1000000",
    "increment": "0.00000001",
    "label": "BTC/FAIR"
  },
  {
    "asset": "SPR",
    "currency": "BTC",
    "min_size": "7.19424460",
    "min_total": "0.0005",
    "max_size": "1000000",
    "increment": "0.00000001",
    "label": "BTC/SPR"
  },
  {
    "asset": "VTR",
    "currency": "BTC",
    "min_size": "9.89707047",
    "min_total": "0.0005",
    "max_size": "1000000",
    "increment": "0.00000001",
    "label": "BTC/VTR"
  },
  {
    "asset": "XRP",
    "currency": "BTC",
    "min_size": "8.53533629",
    "min_total": "0.0005",
    "max_size": "1000000",
    "increment": "0.00000001",
    "label": "BTC/XRP"
  },
  {
    "asset": "GAME",
    "currency": "BTC",
    "min_size": "1.00522718",
    "min_total": "0.0005",
    "max_size": "1000000",
    "increment": "0.00000001",
    "label": "BTC/GAME"
  },
  {
    "asset": "COVAL",
    "currency": "BTC",
    "min_size": "423.72881356",
    "min_total": "0.0005",
    "max_size": "1000000",
    "increment": "0.00000001",
    "label": "BTC/COVAL"
  },
  {
    "asset": "NXS",
    "currency": "BTC",
    "min_size": "1.84501845",
    "min_total": "0.0005",
    "max_size": "1000000",
    "increment": "0.00000001",
    "label": "BTC/NXS"
  },
  {
    "asset": "XCP",
    "currency": "BTC",
    "min_size": "0.12327051",
    "min_total": "0.0005",
    "max_size": "1000000",
    "increment": "0.00000001",
    "label": "BTC/XCP"
  },
  {
    "asset": "BITB",
    "currency": "BTC",
    "min_size": "625.00000000",
    "min_total": "0.0005",
    "max_size": "1000000",
    "increment": "0.00000001",
    "label": "BTC/BITB"
  },
  {
    "asset": "GEO",
    "currency": "BTC",
    "min_size": "1.86608942",
    "min_total": "0.0005",
    "max_size": "1000000",
    "increment": "0.00000001",
    "label": "BTC/GEO"
  },
  {
    "asset": "FLDC",
    "currency": "BTC",
    "min_size": "203.25203252",
    "min_total": "0.0005",
    "max_size": "1000000",
    "increment": "0.00000001",
    "label": "BTC/FLDC"
  },
  {
    "asset": "GRC",
    "currency": "BTC",
    "min_size": "48.26254826",
    "min_total": "0.0005",
    "max_size": "1000000",
    "increment": "0.00000001",
    "label": "BTC/GRC"
  },
  {
    "asset": "FLO",
    "currency": "BTC",
    "min_size": "27.77777778",
    "min_total": "0.0005",
    "max_size": "1000000",
    "increment": "0.00000001",
    "label": "BTC/FLO"
  },
  {
    "asset": "NBT",
    "currency": "BTC",
    "min_size": "1.94280385",
    "min_total": "0.0005",
    "max_size": "1000000",
    "increment": "0.00000001",
    "label": "BTC/NBT"
  },
  {
    "asset": "MUE",
    "currency": "BTC",
    "min_size": "18.69857891",
    "min_total": "0.0005",
    "max_size": "1000000",
    "increment": "0.00000001",
    "label": "BTC/MUE"
  },
  {
    "asset": "XEM",
    "currency": "BTC",
    "min_size": "9.87361769",
    "min_total": "0.0005",
    "max_size": "1000000",
    "increment": "0.00000001",
    "label": "BTC/XEM"
  },
  {
    "asset": "CLAM",
    "currency": "BTC",
    "min_size": "0.35637919",
    "min_total": "0.0005",
    "max_size": "1000000",
    "increment": "0.00000001",
    "label": "BTC/CLAM"
  },
  {
    "asset": "DMD",
    "currency": "BTC",
    "min_size": "0.19092568",
    "min_total": "0.0005",
    "max_size": "1000000",
    "increment": "0.00000001",
    "label": "BTC/DMD"
  },
  {
    "asset": "GAM",
    "currency": "BTC",
    "min_size": "0.28409091",
    "min_total": "0.0005",
    "max_size": "1000000",
    "increment": "0.00000001",
    "label": "BTC/GAM"
  },
  {
    "asset": "SPHR",
    "currency": "BTC",
    "min_size": "0.67558438",
    "min_total": "0.0005",
    "max_size": "1000000",
    "increment": "0.00000001",
    "label": "BTC/SPHR"
  },
  {
    "asset": "OK",
    "currency": "BTC",
    "min_size": "4.48028674",
    "min_total": "0.0005",
    "max_size": "1000000",
    "increment": "0.00000001",
    "label": "BTC/OK"
  },
  {
    "asset": "SNRG",
    "currency": "BTC",
    "min_size": "1.32023659",
    "min_total": "0.0005",
    "max_size": "1000000",
    "increment": "0.00000001",
    "label": "BTC/SNRG"
  },
  {
    "asset": "PKB",
    "currency": "BTC",
    "min_size": "3.26583932",
    "min_total": "0.0005",
    "max_size": "1000000",
    "increment": "0.00000001",
    "label": "BTC/PKB"
  },
  {
    "asset": "CPC",
    "currency": "BTC",
    "min_size": "5.74184658",
    "min_total": "0.0005",
    "max_size": "1000000",
    "increment": "0.00000001",
    "label": "BTC/CPC"
  },
  {
    "asset": "AEON",
    "currency": "BTC",
    "min_size": "0.86180151",
    "min_total": "0.0005",
    "max_size": "1000000",
    "increment": "0.00000001",
    "label": "BTC/AEON"
  },
  {
    "asset": "ETH",
    "currency": "BTC",
    "min_size": "0.00519751",
    "min_total": "0.0005",
    "max_size": "1000000",
    "increment": "0.00000001",
    "label": "BTC/ETH"
  },
  {
    "asset": "GCR",
    "currency": "BTC",
    "min_size": "39.80891720",
    "min_total": "0.0005",
    "max_size": "1000000",
    "increment": "0.00000001",
    "label": "BTC/GCR"
  },
  {
    "asset": "TX",
    "currency": "BTC",
    "min_size": "1.11831805",
    "min_total": "0.0005",
    "max_size": "1000000",
    "increment": "0.00000001",
    "label": "BTC/TX"
  },
  {
    "asset": "BCY",
    "currency": "BTC",
    "min_size": "6.53936699",
    "min_total": "0.0005",
    "max_size": "1000000",
    "increment": "0.00000001",
    "label": "BTC/BCY"
  },
  {
    "asset": "EXP",
    "currency": "BTC",
    "min_size": "1.08455165",
    "min_total": "0.0005",
    "max_size": "1000000",
    "increment": "0.00000001",
    "label": "BTC/EXP"
  },
  {
    "asset": "INFX",
    "currency": "BTC",
    "min_size": "2.94394724",
    "min_total": "0.0005",
    "max_size": "1000000",
    "increment": "0.00000001",
    "label": "BTC/INFX"
  },
  {
    "asset": "OMNI",
    "currency": "BTC",
    "min_size": "0.08380853",
    "min_total": "0.0005",
    "max_size": "1000000",
    "increment": "0.00000001",
    "label": "BTC/OMNI"
  },
  {
    "asset": "AMP",
    "currency": "BTC",
    "min_size": "12.57545272",
    "min_total": "0.0005",
    "max_size": "1000000",
    "increment": "0.00000001",
    "label": "BTC/AMP"
  },
  {
    "asset": "AGRS",
    "currency": "BTC",
    "min_size": "5.31801744",
    "min_total": "0.0005",
    "max_size": "1000000",
    "increment": "0.00000001",
    "label": "BTC/AGRS"
  },
  {
    "asset": "XLM",
    "currency": "BTC",
    "min_size": "52.85412262",
    "min_total": "0.0005",
    "max_size": "1000000",
    "increment": "0.00000001",
    "label": "BTC/XLM"
  },
  {
    "asset": "BTC",
    "currency": "USDT",
    "min_size": "0.00039117",
    "min_total": "0.0005",
    "max_size": "1000000",
    "increment": "0.00000001",
    "label": "USDT/BTC"
  },
  {
    "asset": "CLUB",
    "currency": "BTC",
    "min_size": "0.86011147",
    "min_total": "0.0005",
    "max_size": "1000000",
    "increment": "0.00000001",
    "label": "BTC/CLUB"
  },
  {
    "asset": "VOX",
    "currency": "BTC",
    "min_size": "45.53734062",
    "min_total": "0.0005",
    "max_size": "1000000",
    "increment": "0.00000001",
    "label": "BTC/VOX"
  },
  {
    "asset": "EMC",
    "currency": "BTC",
    "min_size": "2.65392781",
    "min_total": "0.0005",
    "max_size": "1000000",
    "increment": "0.00000001",
    "label": "BTC/EMC"
  },
  {
    "asset": "FCT",
    "currency": "BTC",
    "min_size": "0.10205540",
    "min_total": "0.0005",
    "max_size": "1000000",
    "increment": "0.00000001",
    "label": "BTC/FCT"
  },
  {
    "asset": "MAID",
    "currency": "BTC",
    "min_size": "4.87709715",
    "min_total": "0.0005",
    "max_size": "1000000",
    "increment": "0.00000001",
    "label": "BTC/MAID"
  },
  {
    "asset": "EGC",
    "currency": "BTC",
    "min_size": "8.06711843",
    "min_total": "0.0005",
    "max_size": "1000000",
    "increment": "0.00000001",
    "label": "BTC/EGC"
  },
  {
    "asset": "SLS",
    "currency": "BTC",
    "min_size": "0.14381371",
    "min_total": "0.0005",
    "max_size": "1000000",
    "increment": "0.00000001",
    "label": "BTC/SLS"
  },
  {
    "asset": "RADS",
    "currency": "BTC",
    "min_size": "0.49971017",
    "min_total": "0.0005",
    "max_size": "1000000",
    "increment": "0.00000001",
    "label": "BTC/RADS"
  },
  {
    "asset": "DCR",
    "currency": "BTC",
    "min_size": "0.05364795",
    "min_total": "0.0005",
    "max_size": "1000000",
    "increment": "0.00000001",
    "label": "BTC/DCR"
  },
  {
    "asset": "SAFEX",
    "currency": "BTC",
    "min_size": "225.22522523",
    "min_total": "0.0005",
    "max_size": "1000000",
    "increment": "0.00000001",
    "label": "BTC/SAFEX"
  },
  {
    "asset": "BSD",
    "currency": "BTC",
    "min_size": "2.31010904",
    "min_total": "0.0005",
    "max_size": "1000000",
    "increment": "0.00000001",
    "label": "BTC/BSD"
  },
  {
    "asset": "XVG",
    "currency": "BTC",
    "min_size": "312.50000000",
    "min_total": "0.0005",
    "max_size": "1000000",
    "increment": "0.00000001",
    "label": "BTC/XVG"
  },
  {
    "asset": "PIVX",
    "currency": "BTC",
    "min_size": "0.62344140",
    "min_total": "0.0005",
    "max_size": "1000000",
    "increment": "0.00000001",
    "label": "BTC/PIVX"
  },
  {
    "asset": "XVC",
    "currency": "BTC",
    "min_size": "2.31074961",
    "min_total": "0.0005",
    "max_size": "1000000",
    "increment": "0.00000001",
    "label": "BTC/XVC"
  },
  {
    "asset": "MEME",
    "currency": "BTC",
    "min_size": "8.58221765",
    "min_total": "0.0005",
    "max_size": "1000000",
    "increment": "0.00000001",
    "label": "BTC/MEME"
  },
  {
    "asset": "STEEM",
    "currency": "BTC",
    "min_size": "2.09485504",
    "min_total": "0.0005",
    "max_size": "1000000",
    "increment": "0.00000001",
    "label": "BTC/STEEM"
  },
  {
    "asset": "2GIVE",
    "currency": "BTC",
    "min_size": "320.51282051",
    "min_total": "0.0005",
    "max_size": "1000000",
    "increment": "0.00000001",
    "label": "BTC/2GIVE"
  },
  {
    "asset": "LSK",
    "currency": "BTC",
    "min_size": "0.19185020",
    "min_total": "0.0005",
    "max_size": "1000000",
    "increment": "0.00000001",
    "label": "BTC/LSK"
  },
  {
    "asset": "PDC",
    "currency": "BTC",
    "min_size": "16.31853786",
    "min_total": "0.0005",
    "max_size": "1000000",
    "increment": "0.00000001",
    "label": "BTC/PDC"
  },
  {
    "asset": "BRK",
    "currency": "BTC",
    "min_size": "11.57943492",
    "min_total": "0.0005",
    "max_size": "1000000",
    "increment": "0.00000001",
    "label": "BTC/BRK"
  },
  {
    "asset": "DGD",
    "currency": "BTC",
    "min_size": "0.02768286",
    "min_total": "0.0005",
    "max_size": "1000000",
    "increment": "0.00000001",
    "label": "BTC/DGD"
  },
  {
    "asset": "DGD",
    "currency": "ETH",
    "min_size": "0.02688357",
    "min_total": "0.0005",
    "max_size": "1000000",
    "increment": "0.00000001",
    "label": "ETH/DGD"
  },
  {
    "asset": "WAVES",
    "currency": "BTC",
    "min_size": "0.35602392",
    "min_total": "0.0005",
    "max_size": "1000000",
    "increment": "0.00000001",
    "label": "BTC/WAVES"
  },
  {
    "asset": "RISE",
    "currency": "BTC",
    "min_size": "7.46268657",
    "min_total": "0.0005",
    "max_size": "1000000",
    "increment": "0.00000001",
    "label": "BTC/RISE"
  },
  {
    "asset": "LBC",
    "currency": "BTC",
    "min_size": "9.90099010",
    "min_total": "0.0005",
    "max_size": "1000000",
    "increment": "0.00000001",
    "label": "BTC/LBC"
  },
  {
    "asset": "SBD",
    "currency": "BTC",
    "min_size": "1.94024059",
    "min_total": "0.0005",
    "max_size": "1000000",
    "increment": "0.00000001",
    "label": "BTC/SBD"
  },
  {
    "asset": "BRX",
    "currency": "BTC",
    "min_size": "3.58371560",
    "min_total": "0.0005",
    "max_size": "1000000",
    "increment": "0.00000001",
    "label": "BTC/BRX"
  },
  {
    "asset": "ETC",
    "currency": "BTC",
    "min_size": "0.10843211",
    "min_total": "0.0005",
    "max_size": "1000000",
    "increment": "0.00000001",
    "label": "BTC/ETC"
  },
  {
    "asset": "ETC",
    "currency": "ETH",
    "min_size": "0.10482574",
    "min_total": "0.0005",
    "max_size": "1000000",
    "increment": "0.00000001",
    "label": "ETH/ETC"
  },
  {
    "asset": "STRAT",
    "currency": "BTC",
    "min_size": "0.54993401",
    "min_total": "0.0005",
    "max_size": "1000000",
    "increment": "0.00000001",
    "label": "BTC/STRAT"
  },
  {
    "asset": "UNB",
    "currency": "BTC",
    "min_size": "6.45327827",
    "min_total": "0.0005",
    "max_size": "1000000",
    "increment": "0.00000001",
    "label": "BTC/UNB"
  },
  {
    "asset": "SYNX",
    "currency": "BTC",
    "min_size": "8.24266403",
    "min_total": "0.0005",
    "max_size": "1000000",
    "increment": "0.00000001",
    "label": "BTC/SYNX"
  },
  {
    "asset": "TRIG",
    "currency": "BTC",
    "min_size": "3.47947112",
    "min_total": "0.0005",
    "max_size": "1000000",
    "increment": "0.00000001",
    "label": "BTC/TRIG"
  },
  {
    "asset": "EBST",
    "currency": "BTC",
    "min_size": "18.61504095",
    "min_total": "0.0005",
    "max_size": "1000000",
    "increment": "0.00000001",
    "label": "BTC/EBST"
  },
  {
    "asset": "VRM",
    "currency": "BTC",
    "min_size": "0.79615299",
    "min_total": "0.0005",
    "max_size": "1000000",
    "increment": "0.00000001",
    "label": "BTC/VRM"
  },
  {
    "asset": "SEQ",
    "currency": "BTC",
    "min_size": "13.69863014",
    "min_total": "0.0005",
    "max_size": "1000000",
    "increment": "0.00000001",
    "label": "BTC/SEQ"
  },
  {
    "asset": "XAUR",
    "currency": "BTC",
    "min_size": "11.50483203",
    "min_total": "0.0005",
    "max_size": "1000000",
    "increment": "0.00000001",
    "label": "BTC/XAUR"
  },
  {
    "asset": "SNGLS",
    "currency": "BTC",
    "min_size": "14.38434983",
    "min_total": "0.0005",
    "max_size": "1000000",
    "increment": "0.00000001",
    "label": "BTC/SNGLS"
  },
  {
    "asset": "REP",
    "currency": "BTC",
    "min_size": "0.09447617",
    "min_total": "0.0005",
    "max_size": "1000000",
    "increment": "0.00000001",
    "label": "BTC/REP"
  },
  {
    "asset": "SHIFT",
    "currency": "BTC",
    "min_size": "1.56240235",
    "min_total": "0.0005",
    "max_size": "1000000",
    "increment": "0.00000001",
    "label": "BTC/SHIFT"
  },
  {
    "asset": "ARDR",
    "currency": "BTC",
    "min_size": "7.93650794",
    "min_total": "0.0005",
    "max_size": "1000000",
    "increment": "0.00000001",
    "label": "BTC/ARDR"
  },
  {
    "asset": "XZC",
    "currency": "BTC",
    "min_size": "0.08148790",
    "min_total": "0.0005",
    "max_size": "1000000",
    "increment": "0.00000001",
    "label": "BTC/XZC"
  },
  {
    "asset": "NEO",
    "currency": "BTC",
    "min_size": "0.04612546",
    "min_total": "0.0005",
    "max_size": "1000000",
    "increment": "0.00000001",
    "label": "BTC/NEO"
  },
  {
    "asset": "ZEC",
    "currency": "BTC",
    "min_size": "0.00646468",
    "min_total": "0.0005",
    "max_size": "1000000",
    "increment": "0.00000001",
    "label": "BTC/ZEC"
  },
  {
    "asset": "ZCL",
    "currency": "BTC",
    "min_size": "1.09524227",
    "min_total": "0.0005",
    "max_size": "1000000",
    "increment": "0.00000001",
    "label": "BTC/ZCL"
  },
  {
    "asset": "IOP",
    "currency": "BTC",
    "min_size": "0.78129883",
    "min_total": "0.0005",
    "max_size": "1000000",
    "increment": "0.00000001",
    "label": "BTC/IOP"
  },
  {
    "asset": "GOLOS",
    "currency": "BTC",
    "min_size": "16.81237391",
    "min_total": "0.0005",
    "max_size": "1000000",
    "increment": "0.00000001",
    "label": "BTC/GOLOS"
  },
  {
    "asset": "UBQ",
    "currency": "BTC",
    "min_size": "1.46224484",
    "min_total": "0.0005",
    "max_size": "1000000",
    "increment": "0.00000001",
    "label": "BTC/UBQ"
  },
  {
    "asset": "KMD",
    "currency": "BTC",
    "min_size": "0.82904991",
    "min_total": "0.0005",
    "max_size": "1000000",
    "increment": "0.00000001",
    "label": "BTC/KMD"
  },
  {
    "asset": "GBG",
    "currency": "BTC",
    "min_size": "20.00000000",
    "min_total": "0.0005",
    "max_size": "1000000",
    "increment": "0.00000001",
    "label": "BTC/GBG"
  },
  {
    "asset": "SIB",
    "currency": "BTC",
    "min_size": "1.54483100",
    "min_total": "0.0005",
    "max_size": "1000000",
    "increment": "0.00000001",
    "label": "BTC/SIB"
  },
  {
    "asset": "ION",
    "currency": "BTC",
    "min_size": "1.63334640",
    "min_total": "0.0005",
    "max_size": "1000000",
    "increment": "0.00000001",
    "label": "BTC/ION"
  },
  {
    "asset": "LMC",
    "currency": "BTC",
    "min_size": "41.80602007",
    "min_total": "0.0005",
    "max_size": "1000000",
    "increment": "0.00000001",
    "label": "BTC/LMC"
  },
  {
    "asset": "QWARK",
    "currency": "BTC",
    "min_size": "14.09244645",
    "min_total": "0.0005",
    "max_size": "1000000",
    "increment": "0.00000001",
    "label": "BTC/QWARK"
  },
  {
    "asset": "CRW",
    "currency": "BTC",
    "min_size": "1.48060409",
    "min_total": "0.0005",
    "max_size": "1000000",
    "increment": "0.00000001",
    "label": "BTC/CRW"
  },
  {
    "asset": "SWT",
    "currency": "BTC",
    "min_size": "0.93168859",
    "min_total": "0.0005",
    "max_size": "1000000",
    "increment": "0.00000001",
    "label": "BTC/SWT"
  },
  {
    "asset": "TIME",
    "currency": "BTC",
    "min_size": "0.07726781",
    "min_total": "0.0005",
    "max_size": "1000000",
    "increment": "0.00000001",
    "label": "BTC/TIME"
  },
  {
    "asset": "MLN",
    "currency": "BTC",
    "min_size": "0.03044251",
    "min_total": "0.0005",
    "max_size": "1000000",
    "increment": "0.00000001",
    "label": "BTC/MLN"
  },
  {
    "asset": "ARK",
    "currency": "BTC",
    "min_size": "0.58411215",
    "min_total": "0.0005",
    "max_size": "1000000",
    "increment": "0.00000001",
    "label": "BTC/ARK"
  },
  {
    "asset": "DYN",
    "currency": "BTC",
    "min_size": "0.56292360",
    "min_total": "0.0005",
    "max_size": "1000000",
    "increment": "0.00000001",
    "label": "BTC/DYN"
  },
  {
    "asset": "TKS",
    "currency": "BTC",
    "min_size": "1.14615808",
    "min_total": "0.0005",
    "max_size": "1000000",
    "increment": "0.00000001",
    "label": "BTC/TKS"
  },
  {
    "asset": "MUSIC",
    "currency": "BTC",
    "min_size": "156.25000000",
    "min_total": "0.0005",
    "max_size": "1000000",
    "increment": "0.00000001",
    "label": "BTC/MUSIC"
  },
  {
    "asset": "DTB",
    "currency": "BTC",
    "min_size": "5.28429508",
    "min_total": "0.0005",
    "max_size": "1000000",
    "increment": "0.00000001",
    "label": "BTC/DTB"
  },
  {
    "asset": "INCNT",
    "currency": "BTC",
    "min_size": "11.89909567",
    "min_total": "0.0005",
    "max_size": "1000000",
    "increment": "0.00000001",
    "label": "BTC/INCNT"
  },
  {
    "asset": "GBYTE",
    "currency": "BTC",
    "min_size": "0.00833333",
    "min_total": "0.0005",
    "max_size": "1000000",
    "increment": "0.00000001",
    "label": "BTC/GBYTE"
  },
  {
    "asset": "GNT",
    "currency": "BTC",
    "min_size": "9.08760451",
    "min_total": "0.0005",
    "max_size": "1000000",
    "increment": "0.00000001",
    "label": "BTC/GNT"
  },
  {
    "asset": "NXC",
    "currency": "BTC",
    "min_size": "11.84834123",
    "min_total": "0.0005",
    "max_size": "1000000",
    "increment": "0.00000001",
    "label": "BTC/NXC"
  },
  {
    "asset": "EDG",
    "currency": "BTC",
    "min_size": "2.88250894",
    "min_total": "0.0005",
    "max_size": "1000000",
    "increment": "0.00000001",
    "label": "BTC/EDG"
  },
  {
    "asset": "LGD",
    "currency": "BTC",
    "min_size": "2.26490306",
    "min_total": "0.0005",
    "max_size": "1000000",
    "increment": "0.00000001",
    "label": "BTC/LGD"
  },
  {
    "asset": "TRST",
    "currency": "BTC",
    "min_size": "7.35294118",
    "min_total": "0.0005",
    "max_size": "1000000",
    "increment": "0.00000001",
    "label": "BTC/TRST"
  },
  {
    "asset": "GNT",
    "currency": "ETH",
    "min_size": "8.64707815",
    "min_total": "0.0005",
    "max_size": "1000000",
    "increment": "0.00000001",
    "label": "ETH/GNT"
  },
  {
    "asset": "REP",
    "currency": "ETH",
    "min_size": "0.09090889",
    "min_total": "0.0005",
    "max_size": "1000000",
    "increment": "0.00000001",
    "label": "ETH/REP"
  },
  {
    "asset": "ETH",
    "currency": "USDT",
    "min_size": "0.00811030",
    "min_total": "0.0005",
    "max_size": "1000000",
    "increment": "0.00000001",
    "label": "USDT/ETH"
  },
  {
    "asset": "WINGS",
    "currency": "ETH",
    "min_size": "3.65652104",
    "min_total": "0.0005",
    "max_size": "1000000",
    "increment": "0.00000001",
    "label": "ETH/WINGS"
  },
  {
    "asset": "WINGS",
    "currency": "BTC",
    "min_size": "3.90320062",
    "min_total": "0.0005",
    "max_size": "1000000",
    "increment": "0.00000001",
    "label": "BTC/WINGS"
  },
  {
    "asset": "RLC",
    "currency": "BTC",
    "min_size": "3.42278204",
    "min_total": "0.0005",
    "max_size": "1000000",
    "increment": "0.00000001",
    "label": "BTC/RLC"
  },
  {
    "asset": "GNO",
    "currency": "BTC",
    "min_size": "0.02777716",
    "min_total": "0.0005",
    "max_size": "1000000",
    "increment": "0.00000001",
    "label": "BTC/GNO"
  },
  {
    "asset": "GUP",
    "currency": "BTC",
    "min_size": "8.62663906",
    "min_total": "0.0005",
    "max_size": "1000000",
    "increment": "0.00000001",
    "label": "BTC/GUP"
  },
  {
    "asset": "LUN",
    "currency": "BTC",
    "min_size": "0.41646538",
    "min_total": "0.0005",
    "max_size": "1000000",
    "increment": "0.00000001",
    "label": "BTC/LUN"
  },
  {
    "asset": "GUP",
    "currency": "ETH",
    "min_size": "9.28936368",
    "min_total": "0.0005",
    "max_size": "1000000",
    "increment": "0.00000001",
    "label": "ETH/GUP"
  },
  {
    "asset": "RLC",
    "currency": "ETH",
    "min_size": "3.31125828",
    "min_total": "0.0005",
    "max_size": "1000000",
    "increment": "0.00000001",
    "label": "ETH/RLC"
  },
  {
    "asset": "LUN",
    "currency": "ETH",
    "min_size": "0.40262414",
    "min_total": "0.0005",
    "max_size": "1000000",
    "increment": "0.00000001",
    "label": "ETH/LUN"
  },
  {
    "asset": "SNGLS",
    "currency": "ETH",
    "min_size": "14.08331690",
    "min_total": "0.0005",
    "max_size": "1000000",
    "increment": "0.00000001",
    "label": "ETH/SNGLS"
  },
  {
    "asset": "GNO",
    "currency": "ETH",
    "min_size": "0.02674668",
    "min_total": "0.0005",
    "max_size": "1000000",
    "increment": "0.00000001",
    "label": "ETH/GNO"
  },
  {
    "asset": "APX",
    "currency": "BTC",
    "min_size": "0.26913554",
    "min_total": "0.0005",
    "max_size": "1000000",
    "increment": "0.00000001",
    "label": "BTC/APX"
  },
  {
    "asset": "TKN",
    "currency": "BTC",
    "min_size": "1.52123646",
    "min_total": "0.0005",
    "max_size": "1000000",
    "increment": "0.00000001",
    "label": "BTC/TKN"
  },
  {
    "asset": "TKN",
    "currency": "ETH",
    "min_size": "1.47492625",
    "min_total": "0.0005",
    "max_size": "1000000",
    "increment": "0.00000001",
    "label": "ETH/TKN"
  },
  {
    "asset": "HMQ",
    "currency": "BTC",
    "min_size": "20.78137988",
    "min_total": "0.0005",
    "max_size": "1000000",
    "increment": "0.00000001",
    "label": "BTC/HMQ"
  },
  {
    "asset": "HMQ",
    "currency": "ETH",
    "min_size": "19.22411473",
    "min_total": "0.0005",
    "max_size": "1000000",
    "increment": "0.00000001",
    "label": "ETH/HMQ"
  },
  {
    "asset": "ANT",
    "currency": "BTC",
    "min_size": "1.26582278",
    "min_total": "0.0005",
    "max_size": "1000000",
    "increment": "0.00000001",
    "label": "BTC/ANT"
  },
  {
    "asset": "TRST",
    "currency": "ETH",
    "min_size": "7.04225352",
    "min_total": "0.0005",
    "max_size": "1000000",
    "increment": "0.00000001",
    "label": "ETH/TRST"
  },
  {
    "asset": "ANT",
    "currency": "ETH",
    "min_size": "1.22211142",
    "min_total": "0.0005",
    "max_size": "1000000",
    "increment": "0.00000001",
    "label": "ETH/ANT"
  },
  {
    "asset": "SC",
    "currency": "BTC",
    "min_size": "462.96296296",
    "min_total": "0.0005",
    "max_size": "1000000",
    "increment": "0.00000001",
    "label": "BTC/SC"
  },
  {
    "asset": "BAT",
    "currency": "ETH",
    "min_size": "11.36337811",
    "min_total": "0.0005",
    "max_size": "1000000",
    "increment": "0.00000001",
    "label": "ETH/BAT"
  },
  {
    "asset": "BAT",
    "currency": "BTC",
    "min_size": "11.63331782",
    "min_total": "0.0005",
    "max_size": "1000000",
    "increment": "0.00000001",
    "label": "BTC/BAT"
  },
  {
    "asset": "ZEN",
    "currency": "BTC",
    "min_size": "0.08802817",
    "min_total": "0.0005",
    "max_size": "1000000",
    "increment": "0.00000001",
    "label": "BTC/ZEN"
  },
  {
    "asset": "1ST",
    "currency": "BTC",
    "min_size": "5.70255474",
    "min_total": "0.0005",
    "max_size": "1000000",
    "increment": "0.00000001",
    "label": "BTC/1ST"
  },
  {
    "asset": "QRL",
    "currency": "BTC",
    "min_size": "2.88716942",
    "min_total": "0.0005",
    "max_size": "1000000",
    "increment": "0.00000001",
    "label": "BTC/QRL"
  },
  {
    "asset": "1ST",
    "currency": "ETH",
    "min_size": "5.45042295",
    "min_total": "0.0005",
    "max_size": "1000000",
    "increment": "0.00000001",
    "label": "ETH/1ST"
  },
  {
    "asset": "QRL",
    "currency": "ETH",
    "min_size": "2.79507619",
    "min_total": "0.0005",
    "max_size": "1000000",
    "increment": "0.00000001",
    "label": "ETH/QRL"
  },
  {
    "asset": "CRB",
    "currency": "BTC",
    "min_size": "6.16979269",
    "min_total": "0.0005",
    "max_size": "1000000",
    "increment": "0.00000001",
    "label": "BTC/CRB"
  },
  {
    "asset": "CRB",
    "currency": "ETH",
    "min_size": "5.97671472",
    "min_total": "0.0005",
    "max_size": "1000000",
    "increment": "0.00000001",
    "label": "ETH/CRB"
  },
  {
    "asset": "LGD",
    "currency": "ETH",
    "min_size": "2.17391304",
    "min_total": "0.0005",
    "max_size": "1000000",
    "increment": "0.00000001",
    "label": "ETH/LGD"
  },
  {
    "asset": "PTOY",
    "currency": "BTC",
    "min_size": "12.15362178",
    "min_total": "0.0005",
    "max_size": "1000000",
    "increment": "0.00000001",
    "label": "BTC/PTOY"
  },
  {
    "asset": "PTOY",
    "currency": "ETH",
    "min_size": "11.69645364",
    "min_total": "0.0005",
    "max_size": "1000000",
    "increment": "0.00000001",
    "label": "ETH/PTOY"
  },
  {
    "asset": "MYST",
    "currency": "BTC",
    "min_size": "3.46981263",
    "min_total": "0.0005",
    "max_size": "1000000",
    "increment": "0.00000001",
    "label": "BTC/MYST"
  },
  {
    "asset": "MYST",
    "currency": "ETH",
    "min_size": "3.30906684",
    "min_total": "0.0005",
    "max_size": "1000000",
    "increment": "0.00000001",
    "label": "ETH/MYST"
  },
  {
    "asset": "CFI",
    "currency": "BTC",
    "min_size": "20.92050209",
    "min_total": "0.0005",
    "max_size": "1000000",
    "increment": "0.00000001",
    "label": "BTC/CFI"
  },
  {
    "asset": "CFI",
    "currency": "ETH",
    "min_size": "19.90128960",
    "min_total": "0.0005",
    "max_size": "1000000",
    "increment": "0.00000001",
    "label": "ETH/CFI"
  },
  {
    "asset": "BNT",
    "currency": "BTC",
    "min_size": "0.88208313",
    "min_total": "0.0005",
    "max_size": "1000000",
    "increment": "0.00000001",
    "label": "BTC/BNT"
  },
  {
    "asset": "BNT",
    "currency": "ETH",
    "min_size": "0.83347225",
    "min_total": "0.0005",
    "max_size": "1000000",
    "increment": "0.00000001",
    "label": "ETH/BNT"
  },
  {
    "asset": "NMR",
    "currency": "BTC",
    "min_size": "0.16847042",
    "min_total": "0.0005",
    "max_size": "1000000",
    "increment": "0.00000001",
    "label": "BTC/NMR"
  },
  {
    "asset": "NMR",
    "currency": "ETH",
    "min_size": "0.16100861",
    "min_total": "0.0005",
    "max_size": "1000000",
    "increment": "0.00000001",
    "label": "ETH/NMR"
  },
  {
    "asset": "TIME",
    "currency": "ETH",
    "min_size": "0.07499390",
    "min_total": "0.0005",
    "max_size": "1000000",
    "increment": "0.00000001",
    "label": "ETH/TIME"
  },
  {
    "asset": "LTC",
    "currency": "ETH",
    "min_size": "0.02669794",
    "min_total": "0.0005",
    "max_size": "1000000",
    "increment": "0.00000001",
    "label": "ETH/LTC"
  },
  {
    "asset": "XRP",
    "currency": "ETH",
    "min_size": "8.12928820",
    "min_total": "0.0005",
    "max_size": "1000000",
    "increment": "0.00000001",
    "label": "ETH/XRP"
  },
  {
    "asset": "SNT",
    "currency": "BTC",
    "min_size": "64.76683938",
    "min_total": "0.0005",
    "max_size": "1000000",
    "increment": "0.00000001",
    "label": "BTC/SNT"
  },
  {
    "asset": "SNT",
    "currency": "ETH",
    "min_size": "62.39081607",
    "min_total": "0.0005",
    "max_size": "1000000",
    "increment": "0.00000001",
    "label": "ETH/SNT"
  },
  {
    "asset": "DCT",
    "currency": "BTC",
    "min_size": "3.84852217",
    "min_total": "0.0005",
    "max_size": "1000000",
    "increment": "0.00000001",
    "label": "BTC/DCT"
  },
  {
    "asset": "XEL",
    "currency": "BTC",
    "min_size": "7.51653638",
    "min_total": "0.0005",
    "max_size": "1000000",
    "increment": "0.00000001",
    "label": "BTC/XEL"
  },
  {
    "asset": "MCO",
    "currency": "BTC",
    "min_size": "0.34103620",
    "min_total": "0.0005",
    "max_size": "1000000",
    "increment": "0.00000001",
    "label": "BTC/MCO"
  },
  {
    "asset": "MCO",
    "currency": "ETH",
    "min_size": "0.33333311",
    "min_total": "0.0005",
    "max_size": "1000000",
    "increment": "0.00000001",
    "label": "ETH/MCO"
  },
  {
    "asset": "ADT",
    "currency": "BTC",
    "min_size": "102.88065844",
    "min_total": "0.0005",
    "max_size": "1000000",
    "increment": "0.00000001",
    "label": "BTC/ADT"
  },
  {
    "asset": "ADT",
    "currency": "ETH",
    "min_size": "99.74067425",
    "min_total": "0.0005",
    "max_size": "1000000",
    "increment": "0.00000001",
    "label": "ETH/ADT"
  },
  {
    "asset": "FUN",
    "currency": "BTC",
    "min_size": "120.77294686",
    "min_total": "0.0005",
    "max_size": "1000000",
    "increment": "0.00000001",
    "label": "BTC/FUN"
  },
  {
    "asset": "FUN",
    "currency": "ETH",
    "min_size": "116.22501162",
    "min_total": "0.0005",
    "max_size": "1000000",
    "increment": "0.00000001",
    "label": "ETH/FUN"
  },
  {
    "asset": "PAY",
    "currency": "BTC",
    "min_size": "1.14395534",
    "min_total": "0.0005",
    "max_size": "1000000",
    "increment": "0.00000001",
    "label": "BTC/PAY"
  },
  {
    "asset": "PAY",
    "currency": "ETH",
    "min_size": "1.10861795",
    "min_total": "0.0005",
    "max_size": "1000000",
    "increment": "0.00000001",
    "label": "ETH/PAY"
  },
  {
    "asset": "MTL",
    "currency": "BTC",
    "min_size": "0.44288549",
    "min_total": "0.0005",
    "max_size": "1000000",
    "increment": "0.00000001",
    "label": "BTC/MTL"
  },
  {
    "asset": "MTL",
    "currency": "ETH",
    "min_size": "0.42738513",
    "min_total": "0.0005",
    "max_size": "1000000",
    "increment": "0.00000001",
    "label": "ETH/MTL"
  },
  {
    "asset": "STORJ",
    "currency": "BTC",
    "min_size": "2.97796307",
    "min_total": "0.0005",
    "max_size": "1000000",
    "increment": "0.00000001",
    "label": "BTC/STORJ"
  },
  {
    "asset": "STORJ",
    "currency": "ETH",
    "min_size": "2.83649319",
    "min_total": "0.0005",
    "max_size": "1000000",
    "increment": "0.00000001",
    "label": "ETH/STORJ"
  },
  {
    "asset": "ADX",
    "currency": "BTC",
    "min_size": "1.81080690",
    "min_total": "0.0005",
    "max_size": "1000000",
    "increment": "0.00000001",
    "label": "BTC/ADX"
  },
  {
    "asset": "ADX",
    "currency": "ETH",
    "min_size": "1.75438596",
    "min_total": "0.0005",
    "max_size": "1000000",
    "increment": "0.00000001",
    "label": "ETH/ADX"
  },
  {
    "asset": "DASH",
    "currency": "ETH",
    "min_size": "0.00416723",
    "min_total": "0.0005",
    "max_size": "1000000",
    "increment": "0.00000001",
    "label": "ETH/DASH"
  },
  {
    "asset": "SC",
    "currency": "ETH",
    "min_size": "442.47787611",
    "min_total": "0.0005",
    "max_size": "1000000",
    "increment": "0.00000001",
    "label": "ETH/SC"
  },
  {
    "asset": "ZEC",
    "currency": "ETH",
    "min_size": "0.00617284",
    "min_total": "0.0005",
    "max_size": "1000000",
    "increment": "0.00000001",
    "label": "ETH/ZEC"
  },
  {
    "asset": "ZEC",
    "currency": "USDT",
    "min_size": "0.01004282",
    "min_total": "0.0005",
    "max_size": "1000000",
    "increment": "0.00000001",
    "label": "USDT/ZEC"
  },
  {
    "asset": "LTC",
    "currency": "USDT",
    "min_size": "0.04358565",
    "min_total": "0.0005",
    "max_size": "1000000",
    "increment": "0.00000001",
    "label": "USDT/LTC"
  },
  {
    "asset": "ETC",
    "currency": "USDT",
    "min_size": "0.16853933",
    "min_total": "0.0005",
    "max_size": "1000000",
    "increment": "0.00000001",
    "label": "USDT/ETC"
  },
  {
    "asset": "XRP",
    "currency": "USDT",
    "min_size": "13.35149255",
    "min_total": "0.0005",
    "max_size": "1000000",
    "increment": "0.00000001",
    "label": "USDT/XRP"
  },
  {
    "asset": "OMG",
    "currency": "BTC",
    "min_size": "0.23364486",
    "min_total": "0.0005",
    "max_size": "1000000",
    "increment": "0.00000001",
    "label": "BTC/OMG"
  },
  {
    "asset": "OMG",
    "currency": "ETH",
    "min_size": "0.22823984",
    "min_total": "0.0005",
    "max_size": "1000000",
    "increment": "0.00000001",
    "label": "ETH/OMG"
  },
  {
    "asset": "CVC",
    "currency": "BTC",
    "min_size": "6.59630607",
    "min_total": "0.0005",
    "max_size": "1000000",
    "increment": "0.00000001",
    "label": "BTC/CVC"
  },
  {
    "asset": "CVC",
    "currency": "ETH",
    "min_size": "6.41009205",
    "min_total": "0.0005",
    "max_size": "1000000",
    "increment": "0.00000001",
    "label": "ETH/CVC"
  },
  {
    "asset": "PART",
    "currency": "BTC",
    "min_size": "0.22349365",
    "min_total": "0.0005",
    "max_size": "1000000",
    "increment": "0.00000001",
    "label": "BTC/PART"
  },
  {
    "asset": "QTUM",
    "currency": "BTC",
    "min_size": "0.14037925",
    "min_total": "0.0005",
    "max_size": "1000000",
    "increment": "0.00000001",
    "label": "BTC/QTUM"
  },
  {
    "asset": "QTUM",
    "currency": "ETH",
    "min_size": "0.13531800",
    "min_total": "0.0005",
    "max_size": "1000000",
    "increment": "0.00000001",
    "label": "ETH/QTUM"
  },
  {
    "asset": "XMR",
    "currency": "ETH",
    "min_size": "0.01415023",
    "min_total": "0.0005",
    "max_size": "1000000",
    "increment": "0.00000001",
    "label": "ETH/XMR"
  },
  {
    "asset": "XEM",
    "currency": "ETH",
    "min_size": "9.53270672",
    "min_total": "0.0005",
    "max_size": "1000000",
    "increment": "0.00000001",
    "label": "ETH/XEM"
  },
  {
    "asset": "XLM",
    "currency": "ETH",
    "min_size": "50.13033888",
    "min_total": "0.0005",
    "max_size": "1000000",
    "increment": "0.00000001",
    "label": "ETH/XLM"
  },
  {
    "asset": "NEO",
    "currency": "ETH",
    "min_size": "0.04385968",
    "min_total": "0.0005",
    "max_size": "1000000",
    "increment": "0.00000001",
    "label": "ETH/NEO"
  },
  {
    "asset": "XMR",
    "currency": "USDT",
    "min_size": "0.02290076",
    "min_total": "0.0005",
    "max_size": "1000000",
    "increment": "0.00000001",
    "label": "USDT/XMR"
  },
  {
    "asset": "DASH",
    "currency": "USDT",
    "min_size": "0.00677201",
    "min_total": "0.0005",
    "max_size": "1000000",
    "increment": "0.00000001",
    "label": "USDT/DASH"
  },
  {
    "asset": "BCC",
    "currency": "ETH",
    "min_size": "0.00158378",
    "min_total": "0.0005",
    "max_size": "1000000",
    "increment": "0.00000001",
    "label": "ETH/BCC"
  },
  {
    "asset": "BCC",
    "currency": "USDT",
    "min_size": "0.00254734",
    "min_total": "0.0005",
    "max_size": "1000000",
    "increment": "0.00000001",
    "label": "USDT/BCC"
  },
  {
    "asset": "BCC",
    "currency": "BTC",
    "min_size": "0.00161862",
    "min_total": "0.0005",
    "max_size": "1000000",
    "increment": "0.00000001",
    "label": "BTC/BCC"
  },
  {
    "asset": "DNT",
    "currency": "BTC",
    "min_size": "46.72897196",
    "min_total": "0.0005",
    "max_size": "1000000",
    "increment": "0.00000001",
    "label": "BTC/DNT"
  },
  {
    "asset": "DNT",
    "currency": "ETH",
    "min_size": "43.90586582",
    "min_total": "0.0005",
    "max_size": "1000000",
    "increment": "0.00000001",
    "label": "ETH/DNT"
  },
  {
    "asset": "NEO",
    "currency": "USDT",
    "min_size": "0.07125891",
    "min_total": "0.0005",
    "max_size": "1000000",
    "increment": "0.00000001",
    "label": "USDT/NEO"
  },
  {
    "asset": "WAVES",
    "currency": "ETH",
    "min_size": "0.34251619",
    "min_total": "0.0005",
    "max_size": "1000000",
    "increment": "0.00000001",
    "label": "ETH/WAVES"
  },
  {
    "asset": "STRAT",
    "currency": "ETH",
    "min_size": "0.53191489",
    "min_total": "0.0005",
    "max_size": "1000000",
    "increment": "0.00000001",
    "label": "ETH/STRAT"
  },
  {
    "asset": "DGB",
    "currency": "ETH",
    "min_size": "209.90764064",
    "min_total": "0.0005",
    "max_size": "1000000",
    "increment": "0.00000001",
    "label": "ETH/DGB"
  },
  {
    "asset": "FCT",
    "currency": "ETH",
    "min_size": "0.09803922",
    "min_total": "0.0005",
    "max_size": "1000000",
    "increment": "0.00000001",
    "label": "ETH/FCT"
  },
  {
    "asset": "BTS",
    "currency": "ETH",
    "min_size": "32.95544424",
    "min_total": "0.0005",
    "max_size": "1000000",
    "increment": "0.00000001",
    "label": "ETH/BTS"
  },
  {
    "asset": "OMG",
    "currency": "USDT",
    "min_size": "0.36585366",
    "min_total": "0.0005",
    "max_size": "1000000",
    "increment": "0.00000001",
    "label": "USDT/OMG"
  },
  {
    "asset": "ADA",
    "currency": "BTC",
    "min_size": "74.40476190",
    "min_total": "0.0005",
    "max_size": "1000000",
    "increment": "0.00000001",
    "label": "BTC/ADA"
  },
  {
    "asset": "MANA",
    "currency": "BTC",
    "min_size": "144.50867052",
    "min_total": "0.0005",
    "max_size": "1000000",
    "increment": "0.00000001",
    "label": "BTC/MANA"
  },
  {
    "asset": "MANA",
    "currency": "ETH",
    "min_size": "139.27576602",
    "min_total": "0.0005",
    "max_size": "1000000",
    "increment": "0.00000001",
    "label": "ETH/MANA"
  },
  {
    "asset": "SALT",
    "currency": "BTC",
    "min_size": "0.49701789",
    "min_total": "0.0005",
    "max_size": "1000000",
    "increment": "0.00000001",
    "label": "BTC/SALT"
  },
  {
    "asset": "SALT",
    "currency": "ETH",
    "min_size": "0.47976035",
    "min_total": "0.0005",
    "max_size": "1000000",
    "increment": "0.00000001",
    "label": "ETH/SALT"
  },
  {
    "asset": "TIX",
    "currency": "BTC",
    "min_size": "11.71508903",
    "min_total": "0.0005",
    "max_size": "1000000",
    "increment": "0.00000001",
    "label": "BTC/TIX"
  },
  {
    "asset": "TIX",
    "currency": "ETH",
    "min_size": "11.35873146",
    "min_total": "0.0005",
    "max_size": "1000000",
    "increment": "0.00000001",
    "label": "ETH/TIX"
  },
  {
    "asset": "RCN",
    "currency": "BTC",
    "min_size": "19.70055162",
    "min_total": "0.0005",
    "max_size": "1000000",
    "increment": "0.00000001",
    "label": "BTC/RCN"
  },
  {
    "asset": "RCN",
    "currency": "ETH",
    "min_size": "18.85369532",
    "min_total": "0.0005",
    "max_size": "1000000",
    "increment": "0.00000001",
    "label": "ETH/RCN"
  },
  {
    "asset": "VIB",
    "currency": "BTC",
    "min_size": "15.74307305",
    "min_total": "0.0005",
    "max_size": "1000000",
    "increment": "0.00000001",
    "label": "BTC/VIB"
  },
  {
    "asset": "VIB",
    "currency": "ETH",
    "min_size": "15.16622179",
    "min_total": "0.0005",
    "max_size": "1000000",
    "increment": "0.00000001",
    "label": "ETH/VIB"
  },
  {
    "asset": "MER",
    "currency": "BTC",
    "min_size": "13.91207568",
    "min_total": "0.0005",
    "max_size": "1000000",
    "increment": "0.00000001",
    "label": "BTC/MER"
  },
  {
    "asset": "POWR",
    "currency": "BTC",
    "min_size": "5.95805529",
    "min_total": "0.0005",
    "max_size": "1000000",
    "increment": "0.00000001",
    "label": "BTC/POWR"
  },
  {
    "asset": "POWR",
    "currency": "ETH",
    "min_size": "5.64385046",
    "min_total": "0.0005",
    "max_size": "1000000",
    "increment": "0.00000001",
    "label": "ETH/POWR"
  },
  {
    "asset": "BTG",
    "currency": "BTC",
    "min_size": "0.00000001",
    "min_total": "0.0005",
    "max_size": "1000000",
    "increment": "0.00000001",
    "label": "BTC/BTG"
  },
  {
    "asset": "BTG",
    "currency": "ETH",
    "min_size": "0.00000001",
    "min_total": "0.0005",
    "max_size": "1000000",
    "increment": "0.00000001",
    "label": "ETH/BTG"
  },
  {
    "asset": "BTG",
    "currency": "USDT",
    "min_size": "0.00000001",
    "min_total": "0.0005",
    "max_size": "1000000",
    "increment": "0.00000001",
    "label": "USDT/BTG"
  }
]