[
  {
    "asset": "BTC",
    "currency": "USD",
    "min_size": "0.002",
    "max_size": "2000.0",
    "increment": "0.001",
    "label": "BTC/USD"
  },
  {
    "asset": "LTC",
    "currency": "USD",
    "min_size": "0.08",
    "max_size": "5000.0",
    "increment": "0.001",
    "label": "LTC/USD"
  },
  {
    "asset": "LTC",
    "currency": "BTC",
    "min_size": "0.08",
    "max_size": "5000.0",
    "increment": "0.000001",
    "label": "LTC/BTC"
  },
  {
    "asset": "ETH",
    "currency": "USD",
    "min_size": "0.02",
    "max_size": "5000.0",
    "increment": "0.001",
    "label": "ETH/USD"
  },
  {
    "asset": "ETH",
    "currency": "BTC",
    "min_size": "0.02",
    "max_size": "5000.0",
    "increment": "0.000001",
    "label": "ETH/BTC"
  },
  {
    "asset": "ETC",
    "currency": "BTC",
    "min_size": "0.6",
    "max_size": "100000.0",
    "increment": "0.0000001",
    "label": "ETC/BTC"
  },
  {
    "asset": "ETC",
    "currency": "USD",
    "min_size": "0.6",
    "max_size": "100000.0",
    "increment": "0.0001",
    "label": "ETC/USD"
  },
  {
    "asset": "RRT",
    "currency": "USD",
    "min_size": "190.0",
    "max_size": "100000.0",
    "increment": "0.0000001",
    "label": "RRT/USD"
  },
  {
    "asset": "RRT",
    "currency": "BTC",
    "min_size": "190.0",
    "max_size": "100000.0",
    "increment": "0.0000000001",
    "label": "RRT/BTC"
  },
  {
    "asset": "ZEC",
    "currency": "USD",
    "min_size": "0.04",
    "max_size": "20000.0",
    "increment": "0.001",
    "label": "ZEC/USD"
  },
  {
    "asset": "ZEC",
    "currency": "BTC",
    "min_size": "0.04",
    "max_size": "20000.0",
    "increment": "0.000001",
    "label": "ZEC/BTC"
  },
  {
    "asset": "XMR",
    "currency": "USD",
    "min_size": "0.06",
    "max_size": "5000.0",
    "increment": "0.001",
    "label": "XMR/USD"
  },
  {
    "asset": "XMR",
    "currency": "BTC",
    "min_size": "0.06",
    "max_size": "5000.0",
    "increment": "0.000001",
    "label": "XMR/BTC"
  },
  {
    "asset": "DSH",
    "currency": "USD",
    "min_size": "0.02",
    "max_size": "5000.0",
    "increment": "0.001",
    "label": "DSH/USD"
  },
  {
    "asset": "DSH",
    "currency": "BTC",
    "min_size": "0.02",
    "max_size": "5000.0",
    "increment": "0.000001",
    "label": "DSH/BTC"
  },
  {
    "asset": "BTC",
    "currency": "EUR",
    "min_size": "0.002",
    "max_size": "2000.0",
    "increment": "0.000001",
    "label": "BTC/EUR"
  },
  {
    "asset": "XRP",
    "currency": "USD",
    "min_size": "14.0",
    "max_size": "200000.0",
    "increment": "0.00001",
    "label": "XRP/USD"
  },
  {
    "asset": "XRP",
    "currency": "BTC",
    "min_size": "14.0",
    "max_size": "200000.0",
    "increment": "0.00000001",
    "label": "XRP/BTC"
  },
  {
    "asset": "IOT",
    "currency": "USD",
    "min_size": "6.0",
    "max_size": "100000.0",
    "increment": "0.00001",
    "label": "IOT/USD"
  },
  {
    "asset": "IOT",
    "currency": "BTC",
    "min_size": "6.0",
    "max_size": "100000.0",
    "increment": "0.00000001",
    "label": "IOT/BTC"
  },
  {
    "asset": "IOT",
    "currency": "ETH",
    "min_size": "6.0",
    "max_size": "100000.0",
    "increment": "0.00000001",
    "label": "IOT/ETH"
  },
  {
    "asset": "EOS",
    "currency": "USD",
    "min_size": "2.0",
    "max_size": "50000.0",
    "increment": "0.00001",
    "label": "EOS/USD"
  },
  {
    "asset": "EOS",
    "currency": "BTC",
    "min_size": "2.0",
    "max_size": "50000.0",
    "increment": "0.00000001",
    "label": "EOS/BTC"
  },
  {
    "asset": "EOS",
    "currency": "ETH",
    "min_size": "2.0",
    "max_size": "50000.0",
    "increment": "0.00000001",
    "label": "EOS/ETH"
  },
  {
    "asset": "SAN",
    "currency": "USD",
    "min_size": "8.0",
    "max_size": "200000.0",
    "increment": "0.00001",
    "label": "SAN/USD"
  },
  {
    "asset": "SAN",
    "currency": "BTC",
    "min_size": "8.0",
    "max_size": "200000.0",
    "increment": "0.00000001",
    "label": "SAN/BTC"
  },
  {
    "asset": "SAN",
    "currency": "ETH",
    "min_size": "8.0",
    "max_size": "200000.0",
    "increment": "0.00000001",
    "label": "SAN/ETH"
  },
  {
    "asset": "OMG",
    "currency": "USD",
    "min_size": "1.0",
    "max_size": "100000.0",
    "increment": "0.0001",
    "label": "OMG/USD"
  },
  {
    "asset": "OMG",
    "currency": "BTC",
    "min_size": "1.0",
    "max_size": "100000.0",
    "increment": "0.0000001",
    "label": "OMG/BTC"
  },
  {
    "asset": "OMG",
    "currency": "ETH",
    "min_size": "1.0",
    "max_size": "100000.0",
    "increment": "0.0000001",
    "label": "OMG/ETH"
  },
  {
    "asset": "BCH",
    "currency": "USD",
    "min_size": "0.02",
    "max_size": "2000.0",
    "increment": "0.001",
    "label": "BCH/USD"
  },
  {
    "asset": "BCH",
    "currency": "BTC",
    "min_size": "0.02",
    "max_size": "2000.0",
    "increment": "0.000001",
    "label": "BCH/BTC"
  },
  {
    "asset": "BCH",
    "currency": "ETH",
    "min_size": "0.02",
    "max_size": "2000.0",
    "increment": "0.000001",
    "label": "BCH/ETH"
  },
  {
    "asset": "NEO",
    "currency": "USD",
    "min_size": "0.2",
    "max_size": "10000.0",
    "increment": "0.0001",
    "label": "NEO/USD"
  },
  {
    "asset": "NEO",
    "currency": "BTC",
    "min_size": "0.2",
    "max_size": "10000.0",
    "increment": "0.0000001",
    "label": "NEO/BTC"
  },
  {
    "asset": "NEO",
    "currency": "ETH",
    "min_size": "0.2",
    "max_size": "10000.0",
    "increment": "0.0000001",
    "label": "NEO/ETH"
  },
  {
    "asset": "ETP",
    "currency": "USD",
    "min_size": "8.0",
    "max_size": "10000.0",
    "increment": "0.00001",
    "label": "ETP/USD"
  },
  {
    "asset": "ETP",
    "currency": "BTC",
    "min_size": "8.0",
    "max_size": "10000.0",
    "increment": "0.00000001",
    "label": "ETP/BTC"
  },
  {
    "asset": "ETP",
    "currency": "ETH",
    "min_size": "8.0",
    "max_size": "10000.0",
    "increment": "0.00000001",
    "label": "ETP/ETH"
  },
  {
    "asset": "QTM",
    "currency": "USD",
    "min_size": "0.4",
    "max_size": "2000.0",
    "increment": "0.0001",
    "label": "QTM/USD"
  },
  {
    "asset": "QTM",
    "currency": "BTC",
    "min_size": "0.4",
    "max_size": "2000.0",
    "increment": "0.0000001",
    "label": "QTM/BTC"
  },
  {
    "asset": "QTM",
    "currency": "ETH",
    "min_size": "0.4",
    "max_size": "2000.0",
    "increment": "0.0000001",
    "label": "QTM/ETH"
  },
  {
    "asset": "AVT",
    "currency": "USD",
    "min_size": "6.0",
    "max_size": "50000.0",
    "increment": "0.00001",
    "label": "AVT/USD"
  },
  {
    "asset": "AVT",
    "currency": "BTC",
    "min_size": "6.0",
    "max_size": "50000.0",
    "increment": "0.00000001",
    "label": "AVT/BTC"
  },
  {
    "asset": "AVT",
    "currency": "ETH",
    "min_size": "6.0",
    "max_size": "50000.0",
    "increment": "0.00000001",
    "label": "AVT/ETH"
  },
  {
    "asset": "EDO",
    "currency": "USD",
    "min_size": "6.0",
    "max_size": "50000.0",
    "increment": "0.00001",
    "label": "EDO/USD"
  },
  {
    "asset": "EDO",
    "currency": "BTC",
    "min_size": "6.0",
    "max_size": "50000.0",
    "increment": "0.00000001",
    "label": "EDO/BTC"
  },
  {
    "asset": "EDO",
    "currency": "ETH",
    "min_size": "6.0",
    "max_size": "50000.0",
    "increment": "0.00000001",
    "label": "EDO/ETH"
  },
  {
    "asset": "BTG",
    "currency": "USD",
    "min_size": "0.2",
    "max_size": "2000.0",
    "increment": "0.0001",
    "label": "BTG/USD"
  },
  {
    "asset": "BTG",
    "currency": "BTC",
    "min_size": "0.2",
    "max_size": "2000.0",
    "increment": "0.0000001",
    "label": "BTG/BTC"
  },
  {
    "asset": "DAT",
    "currency": "USD",
    "min_size": "122.0",
    "max_size": "250000.0",
    "increment": "0.000001",
    "label": "DAT/USD"
  },
  {
    "asset": "DAT",
    "currency": "BTC",
    "min_size": "122.0",
    "max_size": "250000.0",
    "increment": "0.000000001",
    "label": "DAT/BTC"
  },
  {
    "asset": "DAT",
    "currency": "ETH",
    "min_size": "122.0",
    "max_size": "250000.0",
    "increment": "0.000000001",
    "label": "DAT/ETH"
  },
  {
    "asset": "QSH",
    "currency": "USD",
    "min_size": "14.0",
    "max_size": "50000.0",
    "increment": "0.00001",
    "label": "QSH/USD"
  },
  {
    "asset": "QSH",
    "currency": "BTC",
    "min_size": "14.0",
    "max_size": "50000.0",
    "increment": "0.00000001",
    "label": "QSH/BTC"
  },
  {
    "asset": "QSH",
    "currency": "ETH",
    "min_size": "14.0",
    "max_size": "50000.0",
    "increment": "0.00000001",
    "label": "QSH/ETH"
  },
  {
    "asset": "YYW",
    "currency": "USD",
    "min_size": "106.0",
    "max_size": "50000.0",
    "increment": "0.000001",
    "label": "YYW/USD"
  },
  {
    "asset": "YYW",
    "currency": "BTC",
    "min_size": "106.0",
    "max_size": "50000.0",
    "increment": "0.000000001",
    "label": "YYW/BTC"
  },
  {
    "asset": "YYW",
    "currency": "ETH",
    "min_size": "106.0",
    "max_size": "50000.0",
    "increment": "0.000000001",
    "label": "YYW/ETH"
  },
  {
    "asset": "GNT",
    "currency": "USD",
    "min_size": "32.0",
    "max_size": "200000.0",
    "increment": "0.000001",
    "label": "GNT/USD"
  },
  {
    "asset": "GNT",
    "currency": "BTC",
    "min_size": "32.0",
    "max_size": "200000.0",
    "increment": "0.000000001",
    "label": "GNT/BTC"
  },
  {
    "asset": "GNT",
    "currency": "ETH",
    "min_size": "32.0",
    "max_size": "200000.0",
    "increment": "0.000000001",
    "label": "GNT/ETH"
  },
  {
    "asset": "SNT",
    "currency": "USD",
    "min_size": "64.0",
    "max_size": "200000.0",
    "increment": "0.000001",
    "label": "SNT/USD"
  },
  {
    "asset": "SNT",
    "currency": "BTC",
    "min_size": "64.0",
    "max_size": "200000.0",
    "increment": "0.000000001",
    "label": "SNT/BTC"
  },
  {
    "asset": "SNT",
    "currency": "ETH",
    "min_size": "64.0",
    "max_size": "200000.0",
    "increment": "0.000000001",
    "label": "SNT/ETH"
  },
  {
    "asset": "IOT",
    "currency": "EUR",
    "min_size": "6.0",
    "max_size": "100000.0",
    "increment": "0.00000001",
    "label": "IOT/EUR"
  },
  {
    "asset": "BAT",
    "currency": "USD",
    "min_size": "32.0",
    "max_size": "200000.0",
    "increment": "0.000001",
    "label": "BAT/USD"
  },
  {
    "asset": "BAT",
    "currency": "BTC",
    "min_size": "32.0",
    "max_size": "200000.0",
    "increment": "0.000000001",
    "label": "BAT/BTC"
  },
  {
    "asset": "BAT",
    "currency": "ETH",
    "min_size": "32.0",
    "max_size": "200000.0",
    "increment": "0.000000001",
    "label": "BAT/ETH"
  },
  {
    "asset": "MNA",
    "currency": "USD",
    "min_size": "114.0",
    "max_size": "200000.0",
    "increment": "0.000001",
    "label": "MNA/USD"
  },
  {
    "asset": "MNA",
    "currency": "BTC",
    "min_size": "114.0",
    "max_size": "200000.0",
    "increment": "0.000000001",
    "label": "MNA/BTC"
  },
  {
    "asset": "MNA",
    "currency": "ETH",
    "min_size": "114.0",
    "max_size": "200000.0",
    "increment": "0.000000001",
    "label": "MNA/ETH"
  },
  {
    "asset": "FUN",
    "currency": "USD",
    "min_size": "208.0",
    "max_size": "200000.0",
    "increment": "0.0000001",
    "label": "FUN/USD"
  },
  {
    "asset": "FUN",
    "currency": "BTC",
    "min_size": "208.0",
    "max_size": "200000.0",
    "increment": "0.0000000001",
    "label": "FUN/BTC"
  },
  {
    "asset": "FUN",
    "currency": "ETH",
    "min_size": "208.0",
    "max_size": "200000.0",
    "increment": "0.0000000001",
    "label": "FUN/ETH"
  },
  {
    "asset": "ZRX",
    "currency": "USD",
    "min_size": "14.0",
    "max_size": "200000.0",
    "increment": "0.00001",
    "label": "ZRX/USD"
  },
  {
    "asset": "ZRX",
    "currency": "BTC",
    "min_size": "14.0",
    "max_size": "200000.0",
    "increment": "0.00000001",
    "label": "ZRX/BTC"
  },
  {
    "asset": "ZRX",
    "currency": "ETH",
    "min_size": "14.0",
    "max_size": "200000.0",
    "increment": "0.00000001",
    "label": "ZRX/ETH"
  },
  {
    "asset": "TNB",
    "currency": "USD",
    "min_size": "284.0",
    "max_size": "200000.0",
    "increment": "0.0000001",
    "label": "TNB/USD"
  },
  {
    "asset": "TNB",
    "currency": "BTC",
    "min_size": "284.0",
    "max_size": "200000.0",
    "increment": "0.0000000001",
    "label": "TNB/BTC"
  },
  {
    "asset": "TNB",
    "currency": "ETH",
    "min_size": "284.0",
    "max_size": "200000.0",
    "increment": "0.0000000001",
    "label": "TNB/ETH"
  },
  {
    "asset": "SPK",
    "currency": "USD",
    "min_size": "68.0",
    "max_size": "200000.0",
    "increment": "0.000001",
    "label": "SPK/USD"
  },
  {
    "asset": "SPK",
    "currency": "BTC",
    "min_size": "68.0",
    "max_size": "200000.0",
    "increment": "0.000000001",
    "label": "SPK/BTC"
  },
  {
    "asset": "SPK",
    "currency": "ETH",
    "min_size": "68.0",
    "max_size": "200000.0",
    "increment": "0.000000001",
    "label": "SPK/ETH"
  },
  {
    "asset": "TRX",
    "currency": "USD",
    "min_size": "300.0",
    "max_size": "1000000.0",
    "increment": "0.0000001",
    "label": "TRX/USD"
  },
  {
    "asset": "TRX",
    "currency": "BTC",
    "min_size": "300.0",
    "max_size": "1000000.0",
    "increment": "0.0000000001",
    "label": "TRX/BTC"
  },
  {
    "asset": "TRX",
    "currency": "ETH",
    "min_size": "300.0",
    "max_size": "1000000.0",
    "increment": "0.0000000001",
    "label": "TRX/ETH"
  },
  {
    "asset": "RCN",
    "currency": "USD",
    "min_size": "80.0",
    "max_size": "200000.0",
    "increment": "0.000001",
    "label": "RCN/USD"
  },
  {
    "asset": "RCN",
    "currency": "BTC",
    "min_size": "80.0",
    "max_size": "200000.0",
    "increment": "0.000000001",
    "label": "RCN/BTC"
  },
  {
    "asset": "RCN",
    "currency": "ETH",
    "min_size": "80.0",
    "max_size": "200000.0",
    "increment": "0.000000001",
    "label": "RCN/ETH"
  },
  {
    "asset": "RLC",
    "currency": "USD",
    "min_size": "10.0",
    "max_size": "25000.0",
    "increment": "0.00001",
    "label": "RLC/USD"
  },
  {
    "asset": "RLC",
    "currency": "BTC",
    "min_size": "10.0",
    "max_size": "25000.0",
    "increment": "0.00000001",
    "label": "RLC/BTC"
  },
  {
    "asset": "RLC",
    "currency": "ETH",
    "min_size": "10.0",
    "max_size": "25000.0",
    "increment": "0.00000001",
    "label": "RLC/ETH"
  },
  {
    "asset": "AID",
    "currency": "USD",
    "min_size": "40.0",
    "max_size": "200000.0",
    "increment": "0.000001",
    "label": "AID/USD"
  },
  {
    "asset": "AID",
    "currency": "BTC",
    "min_size": "40.0",
    "max_size": "200000.0",
    "increment": "0.000000001",
    "label": "AID/BTC"
  },
  {
    "asset": "AID",
    "currency": "ETH",
    "min_size": "40.0",
    "max_size": "200000.0",
    "increment": "0.000000001",
    "label": "AID/ETH"
  },
  {
    "asset": "SNG",
    "currency": "USD",
    "min_size": "124.0",
    "max_size": "200000.0",
    "increment": "0.000001",
    "label": "SNG/USD"
  },
  {
    "asset": "SNG",
    "currency": "BTC",
    "min_size": "124.0",
    "max_size": "200000.0",
    "increment": "0.000000001",
    "label": "SNG/BTC"
  },
  {
    "asset": "SNG",
    "currency": "ETH",
    "min_size": "124.0",
    "max_size": "200000.0",
    "increment": "0.000000001",
    "label": "SNG/ETH"
  },
  {
    "asset": "REP",
    "currency": "USD",
    "min_size": "0.2",
    "max_size": "1000.0",
    "increment": "0.0001",
    "label": "REP/USD"
  },
  {
    "asset": "REP",
    "currency": "BTC",
    "min_size": "0.2",
    "max_size": "1000.0",
    "increment": "0.0000001",
    "label": "REP/BTC"
  },
  {
    "asset": "REP",
    "currency": "ETH",
    "min_size": "0.2",
    "max_size": "1000.0",
    "increment": "0.0000001",
    "label": "REP/ETH"
  },
  {
    "asset": "ELF",
    "currency": "USD",
    "min_size": "12.0",
    "max_size": "25000.0",
    "increment": "0.00001",
    "label": "ELF/USD"
  },
  {
    "asset": "ELF",
    "currency": "BTC",
    "min_size": "12.0",
    "max_size": "25000.0",
    "increment": "0.00000001",
    "label": "ELF/BTC"
  },
  {
    "asset": "ELF",
    "currency": "ETH",
    "min_size": "12.0",
    "max_size": "25000.0",
    "increment": "0.00000001",
    "label": "ELF/ETH"
  }
]