@	VARIABLES	Default values		ZENBOT AUTHORS' NOTE	COMMENTS				
	--order_adjust_time=	20202		adjust bid/ask on this interval to keep orders competitive	might get IP banned for too many bbbpi calls (Unit: ms to adjust non-filled order after)				
% 	--buy_pct=	100		buy with this % of currency balance	might affect market if volume to high/ dependant on market liquidity				
	--sell_pct=	100		sell with this % of asset balance	same as above				
	--sell_stop_pct=	2		sell if price drops below this % of bought price	is basically a fixed stop loss				
	--buy_stop_pct=	2		buy if price surges above this % of sold price	FOMO or rebound				
	--profit_stop_enable_pct=	0.5		enable trailing sell stop when reaching this % profit	lock profit				
	--profit_stop_pct=	1		maintain a trailing stop this % below the high-water mark of profit					
	--max_sell_loss_pct=	25		avoid selling at a loss pct under this float	lock profit from top?				
	--max_slippage_pct=	5		avoid selling at a slippage pct above this float	how far you tolerate trade to be taken away from signal entry value				
	--markup_pct=	0		% to mark up or down ask/bid price	what % "correction" to apply on signal value				
periods	--max_sell_duration=				Durée maximale d'un ordre de vendre - je penses				
	--max_buy_duration=				Durée mininual d'un ordre d'achat - je penses 				
	--period=	1h		Defaults to using a 1h period, but you can override this with adding e.g. --period=15m to the sim or trade commands	candle timeframe for calculations (EMA and RSI)				
	--min_periods=	52		min. number of history periods (default: 52)	minimum number of periods to use for signal calculation				
	--trend_ema=	30		number of periods for trend EMA (default: 30) / 34-period EMA of the current price, and calculates the percent change from the last period's EMA to get the trend_ema_rate number of periods for trend EMA (default: 30) / Buy when (EMA - last(EMA) > 0) and sell when (EMA - last(EMA) < 0). Optional buy on low RSI.	number of candles (multiple of "--period") to use for trend calc.				    "currency": 123.61891177,
	--rsi_periods=	14		number of periods to calculate RSI at	number of candles to use for RSI calc.				
	--oversold_rsi_periods=	25		number of periods for oversold RSI (default: 25) / tries to buy when the RSI dips below that value, and then starts to recover (a counterpart to --profit_stop_enable_pct, which sells when a percent of profit is reached, and then dips)	number of candles to use for RSI calc.				
value	--oversold_rsi=	30		buy when RSI reaches this value (default: 30) / In a bull market with regular price dives and recoveries, --oversold_rsi=25 will try to buy when the price dives	value of oversold RSI (from 0 to ~35)				
rates	--sell_rate=	-0.006(?)			?				
	--buy_rate=	0 (?)			?				
	--neutral_rate=	0		avoid trades if abs(trend_ema) under this float (0 to disable, "auto" for a variable filter) (default: 0)	neutral point for trend (bull or bear) signal				
	--days=	30			days to use for sim mode				