[
  {
    "asset": "LTC",
    "currency": "BTC",
    "min_size": "0.01231527",
    "max_size": "1000000",
    "increment": "0.00000001",
    "label": "BTC/LTC"
  },
  {
    "asset": "DOGE",
    "currency": "BTC",
    "min_size": "431.03448276",
    "max_size": "1000000",
    "increment": "0.00000001",
    "label": "BTC/DOGE"
  },
  {
    "asset": "VTC",
    "currency": "BTC",
    "min_size": "0.66034496",
    "max_size": "1000000",
    "increment": "0.00000001",
    "label": "BTC/VTC"
  },
  {
    "asset": "PPC",
    "currency": "BTC",
    "min_size": "0.85881141",
    "max_size": "1000000",
    "increment": "0.00000001",
    "label": "BTC/PPC"
  },
  {
    "asset": "FTC",
    "currency": "BTC",
    "min_size": "12.56281407",
    "max_size": "1000000",
    "increment": "0.00000001",
    "label": "BTC/FTC"
  },
  {
    "asset": "RDD",
    "currency": "BTC",
    "min_size": "287.35632184",
    "max_size": "1000000",
    "increment": "0.00000001",
    "label": "BTC/RDD"
  },
  {
    "asset": "NXT",
    "currency": "BTC",
    "min_size": "12.79426817",
    "max_size": "1000000",
    "increment": "0.00000001",
    "label": "BTC/NXT"
  },
  {
    "asset": "DASH",
    "currency": "BTC",
    "min_size": "0.00432676",
    "max_size": "1000000",
    "increment": "0.00000001",
    "label": "BTC/DASH"
  },
  {
    "asset": "POT",
    "currency": "BTC",
    "min_size": "16.54533422",
    "max_size": "1000000",
    "increment": "0.00000001",
    "label": "BTC/POT"
  },
  {
    "asset": "BLK",
    "currency": "BTC",
    "min_size": "7.81250000",
    "max_size": "1000000",
    "increment": "0.00000001",
    "label": "BTC/BLK"
  },
  {
    "asset": "EMC2",
    "currency": "BTC",
    "min_size": "8.53825137",
    "max_size": "1000000",
    "increment": "0.00000001",
    "label": "BTC/EMC2"
  },
  {
    "asset": "XMY",
    "currency": "BTC",
    "min_size": "233.64485981",
    "max_size": "1000000",
    "increment": "0.00000001",
    "label": "BTC/XMY"
  },
  {
    "asset": "AUR",
    "currency": "BTC",
    "min_size": "1.46455770",
    "max_size": "1000000",
    "increment": "0.00000001",
    "label": "BTC/AUR"
  },
  {
    "asset": "EFL",
    "currency": "BTC",
    "min_size": "11.91043354",
    "max_size": "1000000",
    "increment": "0.00000001",
    "label": "BTC/EFL"
  },
  {
    "asset": "GLD",
    "currency": "BTC",
    "min_size": "15.82278481",
    "max_size": "1000000",
    "increment": "0.00000001",
    "label": "BTC/GLD"
  },
  {
    "asset": "SLR",
    "currency": "BTC",
    "min_size": "5.97086219",
    "max_size": "1000000",
    "increment": "0.00000001",
    "label": "BTC/SLR"
  },
  {
    "asset": "PTC",
    "currency": "BTC",
    "min_size": "48.54368932",
    "max_size": "1000000",
    "increment": "0.00000001",
    "label": "BTC/PTC"
  },
  {
    "asset": "GRS",
    "currency": "BTC",
    "min_size": "4.34782609",
    "max_size": "1000000",
    "increment": "0.00000001",
    "label": "BTC/GRS"
  },
  {
    "asset": "NLG",
    "currency": "BTC",
    "min_size": "17.53155680",
    "max_size": "1000000",
    "increment": "0.00000001",
    "label": "BTC/NLG"
  },
  {
    "asset": "RBY",
    "currency": "BTC",
    "min_size": "3.69112653",
    "max_size": "1000000",
    "increment": "0.00000001",
    "label": "BTC/RBY"
  },
  {
    "asset": "XWC",
    "currency": "BTC",
    "min_size": "19.62323391",
    "max_size": "1000000",
    "increment": "0.00000001",
    "label": "BTC/XWC"
  },
  {
    "asset": "MONA",
    "currency": "BTC",
    "min_size": "0.48814777",
    "max_size": "1000000",
    "increment": "0.00000001",
    "label": "BTC/MONA"
  },
  {
    "asset": "THC",
    "currency": "BTC",
    "min_size": "21.73913043",
    "max_size": "1000000",
    "increment": "0.00000001",
    "label": "BTC/THC"
  },
  {
    "asset": "ENRG",
    "currency": "BTC",
    "min_size": "18.95375284",
    "max_size": "1000000",
    "increment": "0.00000001",
    "label": "BTC/ENRG"
  },
  {
    "asset": "ERC",
    "currency": "BTC",
    "min_size": "3.84142594",
    "max_size": "1000000",
    "increment": "0.00000001",
    "label": "BTC/ERC"
  },
  {
    "asset": "VRC",
    "currency": "BTC",
    "min_size": "3.03508559",
    "max_size": "1000000",
    "increment": "0.00000001",
    "label": "BTC/VRC"
  },
  {
    "asset": "CURE",
    "currency": "BTC",
    "min_size": "5.53832521",
    "max_size": "1000000",
    "increment": "0.00000001",
    "label": "BTC/CURE"
  },
  {
    "asset": "XMR",
    "currency": "BTC",
    "min_size": "0.00892857",
    "max_size": "1000000",
    "increment": "0.00000001",
    "label": "BTC/XMR"
  },
  {
    "asset": "CLOAK",
    "currency": "BTC",
    "min_size": "0.26460627",
    "max_size": "1000000",
    "increment": "0.00000001",
    "label": "BTC/CLOAK"
  },
  {
    "asset": "START",
    "currency": "BTC",
    "min_size": "29.48113208",
    "max_size": "1000000",
    "increment": "0.00000001",
    "label": "BTC/START"
  },
  {
    "asset": "KORE",
    "currency": "BTC",
    "min_size": "0.91404336",
    "max_size": "1000000",
    "increment": "0.00000001",
    "label": "BTC/KORE"
  },
  {
    "asset": "XDN",
    "currency": "BTC",
    "min_size": "140.44943820",
    "max_size": "1000000",
    "increment": "0.00000001",
    "label": "BTC/XDN"
  },
  {
    "asset": "TRUST",
    "currency": "BTC",
    "min_size": "20.24291498",
    "max_size": "1000000",
    "increment": "0.00000001",
    "label": "BTC/TRUST"
  },
  {
    "asset": "NAV",
    "currency": "BTC",
    "min_size": "1.47780339",
    "max_size": "1000000",
    "increment": "0.00000001",
    "label": "BTC/NAV"
  },
  {
    "asset": "XST",
    "currency": "BTC",
    "min_size": "8.01538955",
    "max_size": "1000000",
    "increment": "0.00000001",
    "label": "BTC/XST"
  },
  {
    "asset": "VIA",
    "currency": "BTC",
    "min_size": "0.98939370",
    "max_size": "1000000",
    "increment": "0.00000001",
    "label": "BTC/VIA"
  },
  {
    "asset": "PINK",
    "currency": "BTC",
    "min_size": "88.65248227",
    "max_size": "1000000",
    "increment": "0.00000001",
    "label": "BTC/PINK"
  },
  {
    "asset": "IOC",
    "currency": "BTC",
    "min_size": "1.40559991",
    "max_size": "1000000",
    "increment": "0.00000001",
    "label": "BTC/IOC"
  },
  {
    "asset": "CANN",
    "currency": "BTC",
    "min_size": "38.46153846",
    "max_size": "1000000",
    "increment": "0.00000001",
    "label": "BTC/CANN"
  },
  {
    "asset": "SYS",
    "currency": "BTC",
    "min_size": "4.09634606",
    "max_size": "1000000",
    "increment": "0.00000001",
    "label": "BTC/SYS"
  },
  {
    "asset": "NEOS",
    "currency": "BTC",
    "min_size": "0.62717945",
    "max_size": "1000000",
    "increment": "0.00000001",
    "label": "BTC/NEOS"
  },
  {
    "asset": "DGB",
    "currency": "BTC",
    "min_size": "73.09941520",
    "max_size": "1000000",
    "increment": "0.00000001",
    "label": "BTC/DGB"
  },
  {
    "asset": "BURST",
    "currency": "BTC",
    "min_size": "71.22507123",
    "max_size": "1000000",
    "increment": "0.00000001",
    "label": "BTC/BURST"
  },
  {
    "asset": "EXCL",
    "currency": "BTC",
    "min_size": "2.08350696",
    "max_size": "1000000",
    "increment": "0.00000001",
    "label": "BTC/EXCL"
  },
  {
    "asset": "SWIFT",
    "currency": "BTC",
    "min_size": "2.44857982",
    "max_size": "1000000",
    "increment": "0.00000001",
    "label": "BTC/SWIFT"
  },
  {
    "asset": "DOPE",
    "currency": "BTC",
    "min_size": "38.88024883",
    "max_size": "1000000",
    "increment": "0.00000001",
    "label": "BTC/DOPE"
  },
  {
    "asset": "BLOCK",
    "currency": "BTC",
    "min_size": "0.08474576",
    "max_size": "1000000",
    "increment": "0.00000001",
    "label": "BTC/BLOCK"
  },
  {
    "asset": "ABY",
    "currency": "BTC",
    "min_size": "217.39130435",
    "max_size": "1000000",
    "increment": "0.00000001",
    "label": "BTC/ABY"
  },
  {
    "asset": "BYC",
    "currency": "BTC",
    "min_size": "2.77716063",
    "max_size": "1000000",
    "increment": "0.00000001",
    "label": "BTC/BYC"
  },
  {
    "asset": "XMG",
    "currency": "BTC",
    "min_size": "5.50903482",
    "max_size": "1000000",
    "increment": "0.00000001",
    "label": "BTC/XMG"
  },
  {
    "asset": "BLITZ",
    "currency": "BTC",
    "min_size": "1.92366882",
    "max_size": "1000000",
    "increment": "0.00000001",
    "label": "BTC/BLITZ"
  },
  {
    "asset": "BAY",
    "currency": "BTC",
    "min_size": "36.65689150",
    "max_size": "1000000",
    "increment": "0.00000001",
    "label": "BTC/BAY"
  },
  {
    "asset": "FAIR",
    "currency": "BTC",
    "min_size": "5.54938957",
    "max_size": "1000000",
    "increment": "0.00000001",
    "label": "BTC/FAIR"
  },
  {
    "asset": "SPR",
    "currency": "BTC",
    "min_size": "5.74316563",
    "max_size": "1000000",
    "increment": "0.00000001",
    "label": "BTC/SPR"
  },
  {
    "asset": "VTR",
    "currency": "BTC",
    "min_size": "4.22868742",
    "max_size": "1000000",
    "increment": "0.00000001",
    "label": "BTC/VTR"
  },
  {
    "asset": "XRP",
    "currency": "BTC",
    "min_size": "2.87092329",
    "max_size": "1000000",
    "increment": "0.00000001",
    "label": "BTC/XRP"
  },
  {
    "asset": "GAME",
    "currency": "BTC",
    "min_size": "1.17200319",
    "max_size": "1000000",
    "increment": "0.00000001",
    "label": "BTC/GAME"
  },
  {
    "asset": "COVAL",
    "currency": "BTC",
    "min_size": "182.48175182",
    "max_size": "1000000",
    "increment": "0.00000001",
    "label": "BTC/COVAL"
  },
  {
    "asset": "NXS",
    "currency": "BTC",
    "min_size": "1.50384986",
    "max_size": "1000000",
    "increment": "0.00000001",
    "label": "BTC/NXS"
  },
  {
    "asset": "XCP",
    "currency": "BTC",
    "min_size": "0.11308277",
    "max_size": "1000000",
    "increment": "0.00000001",
    "label": "BTC/XCP"
  },
  {
    "asset": "BITB",
    "currency": "BTC",
    "min_size": "144.50867052",
    "max_size": "1000000",
    "increment": "0.00000001",
    "label": "BTC/BITB"
  },
  {
    "asset": "GEO",
    "currency": "BTC",
    "min_size": "1.00932617",
    "max_size": "1000000",
    "increment": "0.00000001",
    "label": "BTC/GEO"
  },
  {
    "asset": "FLDC",
    "currency": "BTC",
    "min_size": "102.45901639",
    "max_size": "1000000",
    "increment": "0.00000001",
    "label": "BTC/FLDC"
  },
  {
    "asset": "GRC",
    "currency": "BTC",
    "min_size": "39.43217666",
    "max_size": "1000000",
    "increment": "0.00000001",
    "label": "BTC/GRC"
  },
  {
    "asset": "FLO",
    "currency": "BTC",
    "min_size": "26.23294858",
    "max_size": "1000000",
    "increment": "0.00000001",
    "label": "BTC/FLO"
  },
  {
    "asset": "NBT",
    "currency": "BTC",
    "min_size": "2.66752027",
    "max_size": "1000000",
    "increment": "0.00000001",
    "label": "BTC/NBT"
  },
  {
    "asset": "MUE",
    "currency": "BTC",
    "min_size": "18.01152738",
    "max_size": "1000000",
    "increment": "0.00000001",
    "label": "BTC/MUE"
  },
  {
    "asset": "XEM",
    "currency": "BTC",
    "min_size": "6.63305917",
    "max_size": "1000000",
    "increment": "0.00000001",
    "label": "BTC/XEM"
  },
  {
    "asset": "CLAM",
    "currency": "BTC",
    "min_size": "0.46850696",
    "max_size": "1000000",
    "increment": "0.00000001",
    "label": "BTC/CLAM"
  },
  {
    "asset": "DMD",
    "currency": "BTC",
    "min_size": "0.20501214",
    "max_size": "1000000",
    "increment": "0.00000001",
    "label": "BTC/DMD"
  },
  {
    "asset": "GAM",
    "currency": "BTC",
    "min_size": "0.18409426",
    "max_size": "1000000",
    "increment": "0.00000001",
    "label": "BTC/GAM"
  },
  {
    "asset": "SPHR",
    "currency": "BTC",
    "min_size": "0.89378285",
    "max_size": "1000000",
    "increment": "0.00000001",
    "label": "BTC/SPHR"
  },
  {
    "asset": "OK",
    "currency": "BTC",
    "min_size": "10.85540599",
    "max_size": "1000000",
    "increment": "0.00000001",
    "label": "BTC/OK"
  },
  {
    "asset": "SNRG",
    "currency": "BTC",
    "min_size": "1.38488810",
    "max_size": "1000000",
    "increment": "0.00000001",
    "label": "BTC/SNRG"
  },
  {
    "asset": "PKB",
    "currency": "BTC",
    "min_size": "3.71747212",
    "max_size": "1000000",
    "increment": "0.00000001",
    "label": "BTC/PKB"
  },
  {
    "asset": "CPC",
    "currency": "BTC",
    "min_size": "5.07202272",
    "max_size": "1000000",
    "increment": "0.00000001",
    "label": "BTC/CPC"
  },
  {
    "asset": "AEON",
    "currency": "BTC",
    "min_size": "0.77160494",
    "max_size": "1000000",
    "increment": "0.00000001",
    "label": "BTC/AEON"
  },
  {
    "asset": "ETH",
    "currency": "BTC",
    "min_size": "0.00303030",
    "max_size": "1000000",
    "increment": "0.00000001",
    "label": "BTC/ETH"
  },
  {
    "asset": "GCR",
    "currency": "BTC",
    "min_size": "20.69536424",
    "max_size": "1000000",
    "increment": "0.00000001",
    "label": "BTC/GCR"
  },
  {
    "asset": "TX",
    "currency": "BTC",
    "min_size": "2.50050010",
    "max_size": "1000000",
    "increment": "0.00000001",
    "label": "BTC/TX"
  },
  {
    "asset": "BCY",
    "currency": "BTC",
    "min_size": "5.70385581",
    "max_size": "1000000",
    "increment": "0.00000001",
    "label": "BTC/BCY"
  },
  {
    "asset": "EXP",
    "currency": "BTC",
    "min_size": "0.94837070",
    "max_size": "1000000",
    "increment": "0.00000001",
    "label": "BTC/EXP"
  },
  {
    "asset": "INFX",
    "currency": "BTC",
    "min_size": "10.55743243",
    "max_size": "1000000",
    "increment": "0.00000001",
    "label": "BTC/INFX"
  },
  {
    "asset": "OMNI",
    "currency": "BTC",
    "min_size": "0.06833476",
    "max_size": "1000000",
    "increment": "0.00000001",
    "label": "BTC/OMNI"
  },
  {
    "asset": "AMP",
    "currency": "BTC",
    "min_size": "8.24266403",
    "max_size": "1000000",
    "increment": "0.00000001",
    "label": "BTC/AMP"
  },
  {
    "asset": "AGRS",
    "currency": "BTC",
    "min_size": "1.44508671",
    "max_size": "1000000",
    "increment": "0.00000001",
    "label": "BTC/AGRS"
  },
  {
    "asset": "XLM",
    "currency": "BTC",
    "min_size": "7.49175907",
    "max_size": "1000000",
    "increment": "0.00000001",
    "label": "BTC/XLM"
  },
  {
    "asset": "BTC",
    "currency": "USDT",
    "min_size": "0.00028043",
    "max_size": "1000000",
    "increment": "0.00000001",
    "label": "USDT/BTC"
  },
  {
    "asset": "CLUB",
    "currency": "BTC",
    "min_size": "2.68615021",
    "max_size": "1000000",
    "increment": "0.00000001",
    "label": "BTC/CLUB"
  },
  {
    "asset": "VOX",
    "currency": "BTC",
    "min_size": "19.53125000",
    "max_size": "1000000",
    "increment": "0.00000001",
    "label": "BTC/VOX"
  },
  {
    "asset": "EMC",
    "currency": "BTC",
    "min_size": "0.71426531",
    "max_size": "1000000",
    "increment": "0.00000001",
    "label": "BTC/EMC"
  },
  {
    "asset": "FCT",
    "currency": "BTC",
    "min_size": "0.07663493",
    "max_size": "1000000",
    "increment": "0.00000001",
    "label": "BTC/FCT"
  },
  {
    "asset": "MAID",
    "currency": "BTC",
    "min_size": "6.36780438",
    "max_size": "1000000",
    "increment": "0.00000001",
    "label": "BTC/MAID"
  },
  {
    "asset": "EGC",
    "currency": "BTC",
    "min_size": "7.98722045",
    "max_size": "1000000",
    "increment": "0.00000001",
    "label": "BTC/EGC"
  },
  {
    "asset": "SLS",
    "currency": "BTC",
    "min_size": "0.07415911",
    "max_size": "1000000",
    "increment": "0.00000001",
    "label": "BTC/SLS"
  },
  {
    "asset": "RADS",
    "currency": "BTC",
    "min_size": "0.45679621",
    "max_size": "1000000",
    "increment": "0.00000001",
    "label": "BTC/RADS"
  },
  {
    "asset": "DCR",
    "currency": "BTC",
    "min_size": "0.03396873",
    "max_size": "1000000",
    "increment": "0.00000001",
    "label": "BTC/DCR"
  },
  {
    "asset": "BSD",
    "currency": "BTC",
    "min_size": "2.78396437",
    "max_size": "1000000",
    "increment": "0.00000001",
    "label": "BTC/BSD"
  },
  {
    "asset": "XVG",
    "currency": "BTC",
    "min_size": "44.09171076",
    "max_size": "1000000",
    "increment": "0.00000001",
    "label": "BTC/XVG"
  },
  {
    "asset": "PIVX",
    "currency": "BTC",
    "min_size": "0.46956293",
    "max_size": "1000000",
    "increment": "0.00000001",
    "label": "BTC/PIVX"
  },
  {
    "asset": "XVC",
    "currency": "BTC",
    "min_size": "4.97710532",
    "max_size": "1000000",
    "increment": "0.00000001",
    "label": "BTC/XVC"
  },
  {
    "asset": "MEME",
    "currency": "BTC",
    "min_size": "6.91562932",
    "max_size": "1000000",
    "increment": "0.00000001",
    "label": "BTC/MEME"
  },
  {
    "asset": "STEEM",
    "currency": "BTC",
    "min_size": "0.77688005",
    "max_size": "1000000",
    "increment": "0.00000001",
    "label": "BTC/STEEM"
  },
  {
    "asset": "2GIVE",
    "currency": "BTC",
    "min_size": "225.22522523",
    "max_size": "1000000",
    "increment": "0.00000001",
    "label": "BTC/2GIVE"
  },
  {
    "asset": "LSK",
    "currency": "BTC",
    "min_size": "0.13437248",
    "max_size": "1000000",
    "increment": "0.00000001",
    "label": "BTC/LSK"
  },
  {
    "asset": "PDC",
    "currency": "BTC",
    "min_size": "28.80184332",
    "max_size": "1000000",
    "increment": "0.00000001",
    "label": "BTC/PDC"
  },
  {
    "asset": "BRK",
    "currency": "BTC",
    "min_size": "9.05797101",
    "max_size": "1000000",
    "increment": "0.00000001",
    "label": "BTC/BRK"
  },
  {
    "asset": "WAVES",
    "currency": "BTC",
    "min_size": "0.40917870",
    "max_size": "1000000",
    "increment": "0.00000001",
    "label": "BTC/WAVES"
  },
  {
    "asset": "LBC",
    "currency": "BTC",
    "min_size": "6.90417012",
    "max_size": "1000000",
    "increment": "0.00000001",
    "label": "BTC/LBC"
  },
  {
    "asset": "SBD",
    "currency": "BTC",
    "min_size": "0.71428571",
    "max_size": "1000000",
    "increment": "0.00000001",
    "label": "BTC/SBD"
  },
  {
    "asset": "BRX",
    "currency": "BTC",
    "min_size": "2.49975002",
    "max_size": "1000000",
    "increment": "0.00000001",
    "label": "BTC/BRX"
  },
  {
    "asset": "ETC",
    "currency": "BTC",
    "min_size": "0.07509492",
    "max_size": "1000000",
    "increment": "0.00000001",
    "label": "BTC/ETC"
  },
  {
    "asset": "ETC",
    "currency": "ETH",
    "min_size": "0.12463333",
    "max_size": "1000000",
    "increment": "0.00000001",
    "label": "ETH/ETC"
  },
  {
    "asset": "STRAT",
    "currency": "BTC",
    "min_size": "0.34446174",
    "max_size": "1000000",
    "increment": "0.00000001",
    "label": "BTC/STRAT"
  },
  {
    "asset": "UNB",
    "currency": "BTC",
    "min_size": "3.96699460",
    "max_size": "1000000",
    "increment": "0.00000001",
    "label": "BTC/UNB"
  },
  {
    "asset": "SYNX",
    "currency": "BTC",
    "min_size": "3.49162011",
    "max_size": "1000000",
    "increment": "0.00000001",
    "label": "BTC/SYNX"
  },
  {
    "asset": "EBST",
    "currency": "BTC",
    "min_size": "8.61771803",
    "max_size": "1000000",
    "increment": "0.00000001",
    "label": "BTC/EBST"
  },
  {
    "asset": "VRM",
    "currency": "BTC",
    "min_size": "0.55730177",
    "max_size": "1000000",
    "increment": "0.00000001",
    "label": "BTC/VRM"
  },
  {
    "asset": "SEQ",
    "currency": "BTC",
    "min_size": "12.43781095",
    "max_size": "1000000",
    "increment": "0.00000001",
    "label": "BTC/SEQ"
  },
  {
    "asset": "REP",
    "currency": "BTC",
    "min_size": "0.05504959",
    "max_size": "1000000",
    "increment": "0.00000001",
    "label": "BTC/REP"
  },
  {
    "asset": "SHIFT",
    "currency": "BTC",
    "min_size": "0.90009001",
    "max_size": "1000000",
    "increment": "0.00000001",
    "label": "BTC/SHIFT"
  },
  {
    "asset": "ARDR",
    "currency": "BTC",
    "min_size": "6.43997939",
    "max_size": "1000000",
    "increment": "0.00000001",
    "label": "BTC/ARDR"
  },
  {
    "asset": "XZC",
    "currency": "BTC",
    "min_size": "0.04818822",
    "max_size": "1000000",
    "increment": "0.00000001",
    "label": "BTC/XZC"
  },
  {
    "asset": "NEO",
    "currency": "BTC",
    "min_size": "0.01879525",
    "max_size": "1000000",
    "increment": "0.00000001",
    "label": "BTC/NEO"
  },
  {
    "asset": "ZEC",
    "currency": "BTC",
    "min_size": "0.00657822",
    "max_size": "1000000",
    "increment": "0.00000001",
    "label": "BTC/ZEC"
  },
  {
    "asset": "ZCL",
    "currency": "BTC",
    "min_size": "0.02953337",
    "max_size": "1000000",
    "increment": "0.00000001",
    "label": "BTC/ZCL"
  },
  {
    "asset": "IOP",
    "currency": "BTC",
    "min_size": "0.78125000",
    "max_size": "1000000",
    "increment": "0.00000001",
    "label": "BTC/IOP"
  },
  {
    "asset": "GOLOS",
    "currency": "BTC",
    "min_size": "18.82530120",
    "max_size": "1000000",
    "increment": "0.00000001",
    "label": "BTC/GOLOS"
  },
  {
    "asset": "UBQ",
    "currency": "BTC",
    "min_size": "1.07462173",
    "max_size": "1000000",
    "increment": "0.00000001",
    "label": "BTC/UBQ"
  },
  {
    "asset": "KMD",
    "currency": "BTC",
    "min_size": "0.69967255",
    "max_size": "1000000",
    "increment": "0.00000001",
    "label": "BTC/KMD"
  },
  {
    "asset": "GBG",
    "currency": "BTC",
    "min_size": "25.00000000",
    "max_size": "1000000",
    "increment": "0.00000001",
    "label": "BTC/GBG"
  },
  {
    "asset": "SIB",
    "currency": "BTC",
    "min_size": "1.27122953",
    "max_size": "1000000",
    "increment": "0.00000001",
    "label": "BTC/SIB"
  },
  {
    "asset": "ION",
    "currency": "BTC",
    "min_size": "1.05981602",
    "max_size": "1000000",
    "increment": "0.00000001",
    "label": "BTC/ION"
  },
  {
    "asset": "LMC",
    "currency": "BTC",
    "min_size": "37.87878788",
    "max_size": "1000000",
    "increment": "0.00000001",
    "label": "BTC/LMC"
  },
  {
    "asset": "QWARK",
    "currency": "BTC",
    "min_size": "19.09854851",
    "max_size": "1000000",
    "increment": "0.00000001",
    "label": "BTC/QWARK"
  },
  {
    "asset": "CRW",
    "currency": "BTC",
    "min_size": "0.97560976",
    "max_size": "1000000",
    "increment": "0.00000001",
    "label": "BTC/CRW"
  },
  {
    "asset": "SWT",
    "currency": "BTC",
    "min_size": "1.30187991",
    "max_size": "1000000",
    "increment": "0.00000001",
    "label": "BTC/SWT"
  },
  {
    "asset": "MLN",
    "currency": "BTC",
    "min_size": "0.02424329",
    "max_size": "1000000",
    "increment": "0.00000001",
    "label": "BTC/MLN"
  },
  {
    "asset": "ARK",
    "currency": "BTC",
    "min_size": "0.70631445",
    "max_size": "1000000",
    "increment": "0.00000001",
    "label": "BTC/ARK"
  },
  {
    "asset": "DYN",
    "currency": "BTC",
    "min_size": "1.12521379",
    "max_size": "1000000",
    "increment": "0.00000001",
    "label": "BTC/DYN"
  },
  {
    "asset": "TKS",
    "currency": "BTC",
    "min_size": "0.69049329",
    "max_size": "1000000",
    "increment": "0.00000001",
    "label": "BTC/TKS"
  },
  {
    "asset": "MUSIC",
    "currency": "BTC",
    "min_size": "123.15270936",
    "max_size": "1000000",
    "increment": "0.00000001",
    "label": "BTC/MUSIC"
  },
  {
    "asset": "DTB",
    "currency": "BTC",
    "min_size": "3.93700787",
    "max_size": "1000000",
    "increment": "0.00000001",
    "label": "BTC/DTB"
  },
  {
    "asset": "INCNT",
    "currency": "BTC",
    "min_size": "8.39771582",
    "max_size": "1000000",
    "increment": "0.00000001",
    "label": "BTC/INCNT"
  },
  {
    "asset": "GBYTE",
    "currency": "BTC",
    "min_size": "0.00630181",
    "max_size": "1000000",
    "increment": "0.00000001",
    "label": "BTC/GBYTE"
  },
  {
    "asset": "GNT",
    "currency": "BTC",
    "min_size": "7.26744186",
    "max_size": "1000000",
    "increment": "0.00000001",
    "label": "BTC/GNT"
  },
  {
    "asset": "NXC",
    "currency": "BTC",
    "min_size": "12.50625313",
    "max_size": "1000000",
    "increment": "0.00000001",
    "label": "BTC/NXC"
  },
  {
    "asset": "EDG",
    "currency": "BTC",
    "min_size": "2.86401650",
    "max_size": "1000000",
    "increment": "0.00000001",
    "label": "BTC/EDG"
  },
  {
    "asset": "LGD",
    "currency": "BTC",
    "min_size": "3.56989861",
    "max_size": "1000000",
    "increment": "0.00000001",
    "label": "BTC/LGD"
  },
  {
    "asset": "TRST",
    "currency": "BTC",
    "min_size": "8.39771582",
    "max_size": "1000000",
    "increment": "0.00000001",
    "label": "BTC/TRST"
  },
  {
    "asset": "GNT",
    "currency": "ETH",
    "min_size": "12.00422549",
    "max_size": "1000000",
    "increment": "0.00000001",
    "label": "ETH/GNT"
  },
  {
    "asset": "REP",
    "currency": "ETH",
    "min_size": "0.09093679",
    "max_size": "1000000",
    "increment": "0.00000001",
    "label": "ETH/REP"
  },
  {
    "asset": "ETH",
    "currency": "USDT",
    "min_size": "0.00339083",
    "max_size": "1000000",
    "increment": "0.00000001",
    "label": "USDT/ETH"
  },
  {
    "asset": "WINGS",
    "currency": "ETH",
    "min_size": "6.05921061",
    "max_size": "1000000",
    "increment": "0.00000001",
    "label": "ETH/WINGS"
  },
  {
    "asset": "WINGS",
    "currency": "BTC",
    "min_size": "3.68459838",
    "max_size": "1000000",
    "increment": "0.00000001",
    "label": "BTC/WINGS"
  },
  {
    "asset": "RLC",
    "currency": "BTC",
    "min_size": "1.69204738",
    "max_size": "1000000",
    "increment": "0.00000001",
    "label": "BTC/RLC"
  },
  {
    "asset": "GNO",
    "currency": "BTC",
    "min_size": "0.02009060",
    "max_size": "1000000",
    "increment": "0.00000001",
    "label": "BTC/GNO"
  },
  {
    "asset": "GUP",
    "currency": "BTC",
    "min_size": "8.23451910",
    "max_size": "1000000",
    "increment": "0.00000001",
    "label": "BTC/GUP"
  },
  {
    "asset": "LUN",
    "currency": "BTC",
    "min_size": "0.11449822",
    "max_size": "1000000",
    "increment": "0.00000001",
    "label": "BTC/LUN"
  },
  {
    "asset": "GUP",
    "currency": "ETH",
    "min_size": "13.64628821",
    "max_size": "1000000",
    "increment": "0.00000001",
    "label": "ETH/GUP"
  },
  {
    "asset": "RLC",
    "currency": "ETH",
    "min_size": "2.68159780",
    "max_size": "1000000",
    "increment": "0.00000001",
    "label": "ETH/RLC"
  },
  {
    "asset": "LUN",
    "currency": "ETH",
    "min_size": "0.18946075",
    "max_size": "1000000",
    "increment": "0.00000001",
    "label": "ETH/LUN"
  },
  {
    "asset": "GNO",
    "currency": "ETH",
    "min_size": "0.03357341",
    "max_size": "1000000",
    "increment": "0.00000001",
    "label": "ETH/GNO"
  },
  {
    "asset": "HMQ",
    "currency": "BTC",
    "min_size": "11.89909567",
    "max_size": "1000000",
    "increment": "0.00000001",
    "label": "BTC/HMQ"
  },
  {
    "asset": "HMQ",
    "currency": "ETH",
    "min_size": "19.36633357",
    "max_size": "1000000",
    "increment": "0.00000001",
    "label": "ETH/HMQ"
  },
  {
    "asset": "ANT",
    "currency": "BTC",
    "min_size": "0.69541029",
    "max_size": "1000000",
    "increment": "0.00000001",
    "label": "BTC/ANT"
  },
  {
    "asset": "TRST",
    "currency": "ETH",
    "min_size": "13.19679054",
    "max_size": "1000000",
    "increment": "0.00000001",
    "label": "ETH/TRST"
  },
  {
    "asset": "ANT",
    "currency": "ETH",
    "min_size": "1.11407455",
    "max_size": "1000000",
    "increment": "0.00000001",
    "label": "ETH/ANT"
  },
  {
    "asset": "SC",
    "currency": "BTC",
    "min_size": "121.35922330",
    "max_size": "1000000",
    "increment": "0.00000001",
    "label": "BTC/SC"
  },
  {
    "asset": "BAT",
    "currency": "ETH",
    "min_size": "11.78272652",
    "max_size": "1000000",
    "increment": "0.00000001",
    "label": "ETH/BAT"
  },
  {
    "asset": "BAT",
    "currency": "BTC",
    "min_size": "7.16948666",
    "max_size": "1000000",
    "increment": "0.00000001",
    "label": "BTC/BAT"
  },
  {
    "asset": "ZEN",
    "currency": "BTC",
    "min_size": "0.06473229",
    "max_size": "1000000",
    "increment": "0.00000001",
    "label": "BTC/ZEN"
  },
  {
    "asset": "1ST",
    "currency": "BTC",
    "min_size": "6.99105145",
    "max_size": "1000000",
    "increment": "0.00000001",
    "label": "BTC/1ST"
  },
  {
    "asset": "QRL",
    "currency": "BTC",
    "min_size": "2.25978487",
    "max_size": "1000000",
    "increment": "0.00000001",
    "label": "BTC/QRL"
  },
  {
    "asset": "1ST",
    "currency": "ETH",
    "min_size": "11.84300907",
    "max_size": "1000000",
    "increment": "0.00000001",
    "label": "ETH/1ST"
  },
  {
    "asset": "QRL",
    "currency": "ETH",
    "min_size": "3.70444459",
    "max_size": "1000000",
    "increment": "0.00000001",
    "label": "ETH/QRL"
  },
  {
    "asset": "CRB",
    "currency": "BTC",
    "min_size": "7.21500722",
    "max_size": "1000000",
    "increment": "0.00000001",
    "label": "BTC/CRB"
  },
  {
    "asset": "CRB",
    "currency": "ETH",
    "min_size": "12.19809710",
    "max_size": "1000000",
    "increment": "0.00000001",
    "label": "ETH/CRB"
  },
  {
    "asset": "LGD",
    "currency": "ETH",
    "min_size": "5.59785043",
    "max_size": "1000000",
    "increment": "0.00000001",
    "label": "ETH/LGD"
  },
  {
    "asset": "PTOY",
    "currency": "BTC",
    "min_size": "13.91207568",
    "max_size": "1000000",
    "increment": "0.00000001",
    "label": "BTC/PTOY"
  },
  {
    "asset": "PTOY",
    "currency": "ETH",
    "min_size": "22.92105987",
    "max_size": "1000000",
    "increment": "0.00000001",
    "label": "ETH/PTOY"
  },
  {
    "asset": "CFI",
    "currency": "BTC",
    "min_size": "30.41362530",
    "max_size": "1000000",
    "increment": "0.00000001",
    "label": "BTC/CFI"
  },
  {
    "asset": "CFI",
    "currency": "ETH",
    "min_size": "49.91514425",
    "max_size": "1000000",
    "increment": "0.00000001",
    "label": "ETH/CFI"
  },
  {
    "asset": "BNT",
    "currency": "BTC",
    "min_size": "0.53416521",
    "max_size": "1000000",
    "increment": "0.00000001",
    "label": "BTC/BNT"
  },
  {
    "asset": "BNT",
    "currency": "ETH",
    "min_size": "0.86964386",
    "max_size": "1000000",
    "increment": "0.00000001",
    "label": "ETH/BNT"
  },
  {
    "asset": "NMR",
    "currency": "BTC",
    "min_size": "0.12262837",
    "max_size": "1000000",
    "increment": "0.00000001",
    "label": "BTC/NMR"
  },
  {
    "asset": "NMR",
    "currency": "ETH",
    "min_size": "0.20325212",
    "max_size": "1000000",
    "increment": "0.00000001",
    "label": "ETH/NMR"
  },
  {
    "asset": "LTC",
    "currency": "ETH",
    "min_size": "0.02019397",
    "max_size": "1000000",
    "increment": "0.00000001",
    "label": "ETH/LTC"
  },
  {
    "asset": "XRP",
    "currency": "ETH",
    "min_size": "4.73440015",
    "max_size": "1000000",
    "increment": "0.00000001",
    "label": "ETH/XRP"
  },
  {
    "asset": "SNT",
    "currency": "BTC",
    "min_size": "15.86294416",
    "max_size": "1000000",
    "increment": "0.00000001",
    "label": "BTC/SNT"
  },
  {
    "asset": "SNT",
    "currency": "ETH",
    "min_size": "26.05795289",
    "max_size": "1000000",
    "increment": "0.00000001",
    "label": "ETH/SNT"
  },
  {
    "asset": "DCT",
    "currency": "BTC",
    "min_size": "3.54157813",
    "max_size": "1000000",
    "increment": "0.00000001",
    "label": "BTC/DCT"
  },
  {
    "asset": "XEL",
    "currency": "BTC",
    "min_size": "9.47328534",
    "max_size": "1000000",
    "increment": "0.00000001",
    "label": "BTC/XEL"
  },
  {
    "asset": "MCO",
    "currency": "BTC",
    "min_size": "0.32765400",
    "max_size": "1000000",
    "increment": "0.00000001",
    "label": "BTC/MCO"
  },
  {
    "asset": "MCO",
    "currency": "ETH",
    "min_size": "0.53830816",
    "max_size": "1000000",
    "increment": "0.00000001",
    "label": "ETH/MCO"
  },
  {
    "asset": "ADT",
    "currency": "BTC",
    "min_size": "40.45307443",
    "max_size": "1000000",
    "increment": "0.00000001",
    "label": "BTC/ADT"
  },
  {
    "asset": "ADT",
    "currency": "ETH",
    "min_size": "65.22306288",
    "max_size": "1000000",
    "increment": "0.00000001",
    "label": "ETH/ADT"
  },
  {
    "asset": "PAY",
    "currency": "BTC",
    "min_size": "1.64300736",
    "max_size": "1000000",
    "increment": "0.00000001",
    "label": "BTC/PAY"
  },
  {
    "asset": "PAY",
    "currency": "ETH",
    "min_size": "2.71342440",
    "max_size": "1000000",
    "increment": "0.00000001",
    "label": "ETH/PAY"
  },
  {
    "asset": "STORJ",
    "currency": "BTC",
    "min_size": "2.87356322",
    "max_size": "1000000",
    "increment": "0.00000001",
    "label": "BTC/STORJ"
  },
  {
    "asset": "STORJ",
    "currency": "ETH",
    "min_size": "4.78317852",
    "max_size": "1000000",
    "increment": "0.00000001",
    "label": "ETH/STORJ"
  },
  {
    "asset": "ADX",
    "currency": "BTC",
    "min_size": "1.88778978",
    "max_size": "1000000",
    "increment": "0.00000001",
    "label": "BTC/ADX"
  },
  {
    "asset": "ADX",
    "currency": "ETH",
    "min_size": "3.05866520",
    "max_size": "1000000",
    "increment": "0.00000001",
    "label": "ETH/ADX"
  },
  {
    "asset": "DASH",
    "currency": "ETH",
    "min_size": "0.00710697",
    "max_size": "1000000",
    "increment": "0.00000001",
    "label": "ETH/DASH"
  },
  {
    "asset": "SC",
    "currency": "ETH",
    "min_size": "198.01980198",
    "max_size": "1000000",
    "increment": "0.00000001",
    "label": "ETH/SC"
  },
  {
    "asset": "ZEC",
    "currency": "ETH",
    "min_size": "0.01084034",
    "max_size": "1000000",
    "increment": "0.00000001",
    "label": "ETH/ZEC"
  },
  {
    "asset": "ZEC",
    "currency": "USDT",
    "min_size": "0.00738734",
    "max_size": "1000000",
    "increment": "0.00000001",
    "label": "USDT/ZEC"
  },
  {
    "asset": "LTC",
    "currency": "USDT",
    "min_size": "0.01380753",
    "max_size": "1000000",
    "increment": "0.00000001",
    "label": "USDT/LTC"
  },
  {
    "asset": "ETC",
    "currency": "USDT",
    "min_size": "0.08426966",
    "max_size": "1000000",
    "increment": "0.00000001",
    "label": "USDT/ETC"
  },
  {
    "asset": "XRP",
    "currency": "USDT",
    "min_size": "3.21543408",
    "max_size": "1000000",
    "increment": "0.00000001",
    "label": "USDT/XRP"
  },
  {
    "asset": "OMG",
    "currency": "BTC",
    "min_size": "0.13256973",
    "max_size": "1000000",
    "increment": "0.00000001",
    "label": "BTC/OMG"
  },
  {
    "asset": "OMG",
    "currency": "ETH",
    "min_size": "0.21654358",
    "max_size": "1000000",
    "increment": "0.00000001",
    "label": "ETH/OMG"
  },
  {
    "asset": "CVC",
    "currency": "BTC",
    "min_size": "7.14898484",
    "max_size": "1000000",
    "increment": "0.00000001",
    "label": "BTC/CVC"
  },
  {
    "asset": "CVC",
    "currency": "ETH",
    "min_size": "11.89400067",
    "max_size": "1000000",
    "increment": "0.00000001",
    "label": "ETH/CVC"
  },
  {
    "asset": "PART",
    "currency": "BTC",
    "min_size": "0.11205938",
    "max_size": "1000000",
    "increment": "0.00000001",
    "label": "BTC/PART"
  },
  {
    "asset": "QTUM",
    "currency": "BTC",
    "min_size": "0.09762574",
    "max_size": "1000000",
    "increment": "0.00000001",
    "label": "BTC/QTUM"
  },
  {
    "asset": "QTUM",
    "currency": "ETH",
    "min_size": "0.16129032",
    "max_size": "1000000",
    "increment": "0.00000001",
    "label": "ETH/QTUM"
  },
  {
    "asset": "XMR",
    "currency": "ETH",
    "min_size": "0.01459581",
    "max_size": "1000000",
    "increment": "0.00000001",
    "label": "ETH/XMR"
  },
  {
    "asset": "XEM",
    "currency": "ETH",
    "min_size": "10.98901099",
    "max_size": "1000000",
    "increment": "0.00000001",
    "label": "ETH/XEM"
  },
  {
    "asset": "XLM",
    "currency": "ETH",
    "min_size": "12.34659357",
    "max_size": "1000000",
    "increment": "0.00000001",
    "label": "ETH/XLM"
  },
  {
    "asset": "NEO",
    "currency": "ETH",
    "min_size": "0.03095683",
    "max_size": "1000000",
    "increment": "0.00000001",
    "label": "ETH/NEO"
  },
  {
    "asset": "XMR",
    "currency": "USDT",
    "min_size": "0.00996741",
    "max_size": "1000000",
    "increment": "0.00000001",
    "label": "USDT/XMR"
  },
  {
    "asset": "DASH",
    "currency": "USDT",
    "min_size": "0.00483631",
    "max_size": "1000000",
    "increment": "0.00000001",
    "label": "USDT/DASH"
  },
  {
    "asset": "BCC",
    "currency": "ETH",
    "min_size": "0.00353898",
    "max_size": "1000000",
    "increment": "0.00000001",
    "label": "ETH/BCC"
  },
  {
    "asset": "BCC",
    "currency": "USDT",
    "min_size": "0.00240228",
    "max_size": "1000000",
    "increment": "0.00000001",
    "label": "USDT/BCC"
  },
  {
    "asset": "BCC",
    "currency": "BTC",
    "min_size": "0.00214427",
    "max_size": "1000000",
    "increment": "0.00000001",
    "label": "BTC/BCC"
  },
  {
    "asset": "DNT",
    "currency": "BTC",
    "min_size": "33.78378378",
    "max_size": "1000000",
    "increment": "0.00000001",
    "label": "BTC/DNT"
  },
  {
    "asset": "DNT",
    "currency": "ETH",
    "min_size": "54.42473060",
    "max_size": "1000000",
    "increment": "0.00000001",
    "label": "ETH/DNT"
  },
  {
    "asset": "NEO",
    "currency": "USDT",
    "min_size": "0.02091847",
    "max_size": "1000000",
    "increment": "0.00000001",
    "label": "USDT/NEO"
  },
  {
    "asset": "WAVES",
    "currency": "ETH",
    "min_size": "0.67456356",
    "max_size": "1000000",
    "increment": "0.00000001",
    "label": "ETH/WAVES"
  },
  {
    "asset": "STRAT",
    "currency": "ETH",
    "min_size": "0.56753689",
    "max_size": "1000000",
    "increment": "0.00000001",
    "label": "ETH/STRAT"
  },
  {
    "asset": "DGB",
    "currency": "ETH",
    "min_size": "119.13271384",
    "max_size": "1000000",
    "increment": "0.00000001",
    "label": "ETH/DGB"
  },
  {
    "asset": "FCT",
    "currency": "ETH",
    "min_size": "0.12723961",
    "max_size": "1000000",
    "increment": "0.00000001",
    "label": "ETH/FCT"
  },
  {
    "asset": "OMG",
    "currency": "USDT",
    "min_size": "0.14882005",
    "max_size": "1000000",
    "increment": "0.00000001",
    "label": "USDT/OMG"
  },
  {
    "asset": "ADA",
    "currency": "BTC",
    "min_size": "8.11951932",
    "max_size": "1000000",
    "increment": "0.00000001",
    "label": "BTC/ADA"
  },
  {
    "asset": "MANA",
    "currency": "BTC",
    "min_size": "23.51834431",
    "max_size": "1000000",
    "increment": "0.00000001",
    "label": "BTC/MANA"
  },
  {
    "asset": "MANA",
    "currency": "ETH",
    "min_size": "38.82288998",
    "max_size": "1000000",
    "increment": "0.00000001",
    "label": "ETH/MANA"
  },
  {
    "asset": "SALT",
    "currency": "BTC",
    "min_size": "0.64539447",
    "max_size": "1000000",
    "increment": "0.00000001",
    "label": "BTC/SALT"
  },
  {
    "asset": "SALT",
    "currency": "ETH",
    "min_size": "1.04142584",
    "max_size": "1000000",
    "increment": "0.00000001",
    "label": "ETH/SALT"
  },
  {
    "asset": "TIX",
    "currency": "BTC",
    "min_size": "4.43813243",
    "max_size": "1000000",
    "increment": "0.00000001",
    "label": "BTC/TIX"
  },
  {
    "asset": "TIX",
    "currency": "ETH",
    "min_size": "7.11561450",
    "max_size": "1000000",
    "increment": "0.00000001",
    "label": "ETH/TIX"
  },
  {
    "asset": "RCN",
    "currency": "BTC",
    "min_size": "18.27485380",
    "max_size": "1000000",
    "increment": "0.00000001",
    "label": "BTC/RCN"
  },
  {
    "asset": "RCN",
    "currency": "ETH",
    "min_size": "29.95626385",
    "max_size": "1000000",
    "increment": "0.00000001",
    "label": "ETH/RCN"
  },
  {
    "asset": "VIB",
    "currency": "BTC",
    "min_size": "11.34301270",
    "max_size": "1000000",
    "increment": "0.00000001",
    "label": "BTC/VIB"
  },
  {
    "asset": "VIB",
    "currency": "ETH",
    "min_size": "18.83097318",
    "max_size": "1000000",
    "increment": "0.00000001",
    "label": "ETH/VIB"
  },
  {
    "asset": "MER",
    "currency": "BTC",
    "min_size": "7.39426205",
    "max_size": "1000000",
    "increment": "0.00000001",
    "label": "BTC/MER"
  },
  {
    "asset": "POWR",
    "currency": "BTC",
    "min_size": "4.43262411",
    "max_size": "1000000",
    "increment": "0.00000001",
    "label": "BTC/POWR"
  },
  {
    "asset": "POWR",
    "currency": "ETH",
    "min_size": "7.28427616",
    "max_size": "1000000",
    "increment": "0.00000001",
    "label": "ETH/POWR"
  },
  {
    "asset": "BTG",
    "currency": "BTC",
    "min_size": "0.02258966",
    "max_size": "1000000",
    "increment": "0.00000001",
    "label": "BTC/BTG"
  },
  {
    "asset": "BTG",
    "currency": "ETH",
    "min_size": "0.03677587",
    "max_size": "1000000",
    "increment": "0.00000001",
    "label": "ETH/BTG"
  },
  {
    "asset": "BTG",
    "currency": "USDT",
    "min_size": "0.02523129",
    "max_size": "1000000",
    "increment": "0.00000001",
    "label": "USDT/BTG"
  },
  {
    "asset": "ADA",
    "currency": "ETH",
    "min_size": "13.40482574",
    "max_size": "1000000",
    "increment": "0.00000001",
    "label": "ETH/ADA"
  },
  {
    "asset": "ENG",
    "currency": "BTC",
    "min_size": "1.00000000",
    "max_size": "1000000",
    "increment": "0.00000001",
    "label": "BTC/ENG"
  },
  {
    "asset": "ENG",
    "currency": "ETH",
    "min_size": "1.67334331",
    "max_size": "1000000",
    "increment": "0.00000001",
    "label": "ETH/ENG"
  },
  {
    "asset": "ADA",
    "currency": "USDT",
    "min_size": "9.09090909",
    "max_size": "1000000",
    "increment": "0.00000001",
    "label": "USDT/ADA"
  },
  {
    "asset": "XVG",
    "currency": "USDT",
    "min_size": "49.86046549",
    "max_size": "1000000",
    "increment": "0.00000001",
    "label": "USDT/XVG"
  },
  {
    "asset": "NXT",
    "currency": "USDT",
    "min_size": "14.28599933",
    "max_size": "1000000",
    "increment": "0.00000001",
    "label": "USDT/NXT"
  },
  {
    "asset": "UKG",
    "currency": "BTC",
    "min_size": "7.64993880",
    "max_size": "1000000",
    "increment": "0.00000001",
    "label": "BTC/UKG"
  },
  {
    "asset": "UKG",
    "currency": "ETH",
    "min_size": "12.52850234",
    "max_size": "1000000",
    "increment": "0.00000001",
    "label": "ETH/UKG"
  },
  {
    "asset": "IGNIS",
    "currency": "BTC",
    "min_size": "13.42642320",
    "max_size": "1000000",
    "increment": "0.00000001",
    "label": "BTC/IGNIS"
  },
  {
    "asset": "SRN",
    "currency": "BTC",
    "min_size": "4.13359788",
    "max_size": "1000000",
    "increment": "0.00000001",
    "label": "BTC/SRN"
  },
  {
    "asset": "SRN",
    "currency": "ETH",
    "min_size": "6.84931507",
    "max_size": "1000000",
    "increment": "0.00000001",
    "label": "ETH/SRN"
  },
  {
    "asset": "WAX",
    "currency": "BTC",
    "min_size": "8.30564784",
    "max_size": "1000000",
    "increment": "0.00000001",
    "label": "BTC/WAX"
  },
  {
    "asset": "WAX",
    "currency": "ETH",
    "min_size": "13.91130154",
    "max_size": "1000000",
    "increment": "0.00000001",
    "label": "ETH/WAX"
  },
  {
    "asset": "ZRX",
    "currency": "BTC",
    "min_size": "2.68413142",
    "max_size": "1000000",
    "increment": "0.00000001",
    "label": "BTC/ZRX"
  },
  {
    "asset": "ZRX",
    "currency": "ETH",
    "min_size": "4.46245292",
    "max_size": "1000000",
    "increment": "0.00000001",
    "label": "ETH/ZRX"
  },
  {
    "asset": "VEE",
    "currency": "BTC",
    "min_size": "36.65689150",
    "max_size": "1000000",
    "increment": "0.00000001",
    "label": "BTC/VEE"
  },
  {
    "asset": "VEE",
    "currency": "ETH",
    "min_size": "58.10575247",
    "max_size": "1000000",
    "increment": "0.00000001",
    "label": "ETH/VEE"
  },
  {
    "asset": "BCPT",
    "currency": "BTC",
    "min_size": "1.75045512",
    "max_size": "1000000",
    "increment": "0.00000001",
    "label": "BTC/BCPT"
  },
  {
    "asset": "BCPT",
    "currency": "ETH",
    "min_size": "2.91378687",
    "max_size": "1000000",
    "increment": "0.00000001",
    "label": "ETH/BCPT"
  },
  {
    "asset": "TRX",
    "currency": "BTC",
    "min_size": "0.00000001",
    "max_size": "1000000",
    "increment": "0.00000001",
    "label": "BTC/TRX"
  },
  {
    "asset": "TRX",
    "currency": "ETH",
    "min_size": "0.00000001",
    "max_size": "1000000",
    "increment": "0.00000001",
    "label": "ETH/TRX"
  },
  {
    "asset": "TUSD",
    "currency": "BTC",
    "min_size": "0.00000001",
    "max_size": "1000000",
    "increment": "0.00000001",
    "label": "BTC/TUSD"
  }
]