[
  {
    "id": "ETHBTC",
    "asset": "ETH",
    "currency": "BTC",
    "min_size": "0.028112393348607736",
    "max_size": "100000.00000000",
    "increment": "0.000001",
    "asset_increment": "0.001",
    "label": "ETH/BTC"
  },
  {
    "id": "LTCBTC",
    "asset": "LTC",
    "currency": "BTC",
    "min_size": "0.10787486515641855",
    "max_size": "100000.00000000",
    "increment": "0.000001",
    "asset_increment": "0.01",
    "label": "LTC/BTC"
  },
  {
    "id": "BNBBTC",
    "asset": "BNB",
    "currency": "BTC",
    "min_size": "0.6624271330153683",
    "max_size": "90000000.00000000",
    "increment": "0.0000001",
    "asset_increment": "0.01",
    "label": "BNB/BTC"
  },
  {
    "id": "NEOBTC",
    "asset": "NEO",
    "currency": "BTC",
    "min_size": "0.3462603878116344",
    "max_size": "100000.00000000",
    "increment": "0.000001",
    "asset_increment": "0.01",
    "label": "NEO/BTC"
  },
  {
    "id": "QTUMETH",
    "asset": "QTUM",
    "currency": "ETH",
    "min_size": "0.6085501293169026",
    "max_size": "90000000.00000000",
    "increment": "0.000001",
    "asset_increment": "0.01",
    "label": "QTUM/ETH"
  },
  {
    "id": "EOSETH",
    "asset": "EOS",
    "currency": "ETH",
    "min_size": "0.4048091324940291",
    "max_size": "90000000.00000000",
    "increment": "0.000001",
    "asset_increment": "0.01",
    "label": "EOS/ETH"
  },
  {
    "id": "SNTETH",
    "asset": "SNT",
    "currency": "ETH",
    "min_size": "62.0347394540943",
    "max_size": "90000000.00000000",
    "increment": "0.00000001",
    "asset_increment": "1.",
    "label": "SNT/ETH"
  },
  {
    "id": "BNTETH",
    "asset": "BNT",
    "currency": "ETH",
    "min_size": "1.556420233463035",
    "max_size": "90000000.00000000",
    "increment": "0.000001",
    "asset_increment": "0.01",
    "label": "BNT/ETH"
  },
  {
    "id": "BCCBTC",
    "asset": "BCH",
    "currency": "BTC",
    "min_size": "0.012224938875305624",
    "max_size": "100000.00000000",
    "increment": "0.000001",
    "asset_increment": "0.001",
    "label": "BCH/BTC"
  },
  {
    "id": "GASBTC",
    "asset": "GAS",
    "currency": "BTC",
    "min_size": "1.0875475802066341",
    "max_size": "100000.00000000",
    "increment": "0.000001",
    "asset_increment": "0.01",
    "label": "GAS/BTC"
  },
  {
    "id": "BNBETH",
    "asset": "BNB",
    "currency": "ETH",
    "min_size": "0.2355268736162796",
    "max_size": "90000000.00000000",
    "increment": "0.000001",
    "asset_increment": "0.01",
    "label": "BNB/ETH"
  },
  {
    "id": "BTCUSDT",
    "asset": "BTC",
    "currency": "USDT",
    "min_size": "0.0015077805244513",
    "max_size": "10000000.00000000",
    "increment": "0.01",
    "asset_increment": "0.000001",
    "label": "BTC/USDT"
  },
  {
    "id": "ETHUSDT",
    "asset": "ETH",
    "currency": "USDT",
    "min_size": "0.04233969134365011",
    "max_size": "10000000.00000000",
    "increment": "0.01",
    "asset_increment": "0.00001",
    "label": "ETH/USDT"
  },
  {
    "id": "HSRBTC",
    "asset": "HSR",
    "currency": "BTC",
    "min_size": "1.401541695865452",
    "max_size": "10000000.00000000",
    "increment": "0.000001",
    "asset_increment": "0.01",
    "label": "HSR/BTC"
  },
  {
    "id": "OAXETH",
    "asset": "OAX",
    "currency": "ETH",
    "min_size": "12.589701624071509",
    "max_size": "90000000.00000000",
    "increment": "0.0000001",
    "asset_increment": "1.",
    "label": "OAX/ETH"
  },
  {
    "id": "DNTETH",
    "asset": "DNT",
    "currency": "ETH",
    "min_size": "96.2000962000962",
    "max_size": "90000000.00000000",
    "increment": "0.00000001",
    "asset_increment": "1.",
    "label": "DNT/ETH"
  },
  {
    "id": "MCOETH",
    "asset": "MCO",
    "currency": "ETH",
    "min_size": "0.528192261983362",
    "max_size": "90000000.00000000",
    "increment": "0.000001",
    "asset_increment": "0.01",
    "label": "MCO/ETH"
  },
  {
    "id": "ICNETH",
    "asset": "ICN",
    "currency": "ETH",
    "min_size": "5.88893469171427",
    "max_size": "90000000.00000000",
    "increment": "0.0000001",
    "asset_increment": "1.",
    "label": "ICN/ETH"
  },
  {
    "id": "MCOBTC",
    "asset": "MCO",
    "currency": "BTC",
    "min_size": "1.4825796886582654",
    "max_size": "10000000.00000000",
    "increment": "0.000001",
    "asset_increment": "0.01",
    "label": "MCO/BTC"
  },
  {
    "id": "WTCBTC",
    "asset": "WTC",
    "currency": "BTC",
    "min_size": "2.2660321776569226",
    "max_size": "90000000.00000000",
    "increment": "0.0000001",
    "asset_increment": "0.01",
    "label": "WTC/BTC"
  },
  {
    "id": "WTCETH",
    "asset": "WTC",
    "currency": "ETH",
    "min_size": "0.8062565508344754",
    "max_size": "90000000.00000000",
    "increment": "0.000001",
    "asset_increment": "0.01",
    "label": "WTC/ETH"
  },
  {
    "id": "LRCBTC",
    "asset": "LRC",
    "currency": "BTC",
    "min_size": "63.37135614702156",
    "max_size": "90000000.00000000",
    "increment": "0.00000001",
    "asset_increment": "1.",
    "label": "LRC/BTC"
  },
  {
    "id": "LRCETH",
    "asset": "LRC",
    "currency": "ETH",
    "min_size": "22.534195641886562",
    "max_size": "90000000.00000000",
    "increment": "0.00000001",
    "asset_increment": "1.",
    "label": "LRC/ETH"
  },
  {
    "id": "QTUMBTC",
    "asset": "QTUM",
    "currency": "BTC",
    "min_size": "1.707941929974381",
    "max_size": "10000000.00000000",
    "increment": "0.000001",
    "asset_increment": "0.01",
    "label": "QTUM/BTC"
  },
  {
    "id": "YOYOBTC",
    "asset": "YOYOW",
    "currency": "BTC",
    "min_size": "243.30900243309",
    "max_size": "90000000.00000000",
    "increment": "0.00000001",
    "asset_increment": "1.",
    "label": "YOYOW/BTC"
  },
  {
    "id": "OMGBTC",
    "asset": "OMG",
    "currency": "BTC",
    "min_size": "1.7793594306049823",
    "max_size": "10000000.00000000",
    "increment": "0.000001",
    "asset_increment": "0.01",
    "label": "OMG/BTC"
  },
  {
    "id": "OMGETH",
    "asset": "OMG",
    "currency": "ETH",
    "min_size": "0.6338340622425049",
    "max_size": "90000000.00000000",
    "increment": "0.000001",
    "asset_increment": "0.01",
    "label": "OMG/ETH"
  },
  {
    "id": "ZRXBTC",
    "asset": "ZRX",
    "currency": "BTC",
    "min_size": "10.24485196188915",
    "max_size": "90000000.00000000",
    "increment": "0.00000001",
    "asset_increment": "1.",
    "label": "ZRX/BTC"
  },
  {
    "id": "ZRXETH",
    "asset": "ZRX",
    "currency": "ETH",
    "min_size": "3.644992327291151",
    "max_size": "90000000.00000000",
    "increment": "0.00000001",
    "asset_increment": "1.",
    "label": "ZRX/ETH"
  },
  {
    "id": "STRATBTC",
    "asset": "STRAT",
    "currency": "BTC",
    "min_size": "4.056795131845841",
    "max_size": "90000000.00000000",
    "increment": "0.0000001",
    "asset_increment": "0.01",
    "label": "STRAT/BTC"
  },
  {
    "id": "STRATETH",
    "asset": "STRAT",
    "currency": "ETH",
    "min_size": "1.4367816091954024",
    "max_size": "90000000.00000000",
    "increment": "0.000001",
    "asset_increment": "0.01",
    "label": "STRAT/ETH"
  },
  {
    "id": "SNGLSBTC",
    "asset": "SNGLS",
    "currency": "BTC",
    "min_size": "278.5515320334262",
    "max_size": "90000000.00000000",
    "increment": "0.00000001",
    "asset_increment": "1.",
    "label": "SNGLS/BTC"
  },
  {
    "id": "SNGLSETH",
    "asset": "SNGLS",
    "currency": "ETH",
    "min_size": "98.74592673052236",
    "max_size": "90000000.00000000",
    "increment": "0.00000001",
    "asset_increment": "1.",
    "label": "SNGLS/ETH"
  },
  {
    "id": "BQXBTC",
    "asset": "BQX",
    "currency": "BTC",
    "min_size": "19.10949742021785",
    "max_size": "90000000.00000000",
    "increment": "0.00000001",
    "asset_increment": "1.",
    "label": "BQX/BTC"
  },
  {
    "id": "BQXETH",
    "asset": "BQX",
    "currency": "ETH",
    "min_size": "6.76544212164265",
    "max_size": "90000000.00000000",
    "increment": "0.0000001",
    "asset_increment": "1.",
    "label": "BQX/ETH"
  },
  {
    "id": "KNCBTC",
    "asset": "KNC",
    "currency": "BTC",
    "min_size": "16.753224995811692",
    "max_size": "90000000.00000000",
    "increment": "0.00000001",
    "asset_increment": "1.",
    "label": "KNC/BTC"
  },
  {
    "id": "KNCETH",
    "asset": "KNC",
    "currency": "ETH",
    "min_size": "5.945303210463734",
    "max_size": "90000000.00000000",
    "increment": "0.0000001",
    "asset_increment": "1.",
    "label": "KNC/ETH"
  },
  {
    "id": "FUNBTC",
    "asset": "FUN",
    "currency": "BTC",
    "min_size": "409.8360655737705",
    "max_size": "90000000.00000000",
    "increment": "0.00000001",
    "asset_increment": "1.",
    "label": "FUN/BTC"
  },
  {
    "id": "FUNETH",
    "asset": "FUN",
    "currency": "ETH",
    "min_size": "145.96409283316302",
    "max_size": "90000000.00000000",
    "increment": "0.00000001",
    "asset_increment": "1.",
    "label": "FUN/ETH"
  },
  {
    "id": "SNMBTC",
    "asset": "SNM",
    "currency": "BTC",
    "min_size": "115.20737327188941",
    "max_size": "90000000.00000000",
    "increment": "0.00000001",
    "asset_increment": "1.",
    "label": "SNM/BTC"
  },
  {
    "id": "SNMETH",
    "asset": "SNM",
    "currency": "ETH",
    "min_size": "40.91485618428052",
    "max_size": "90000000.00000000",
    "increment": "0.00000001",
    "asset_increment": "1.",
    "label": "SNM/ETH"
  },
  {
    "id": "NEOETH",
    "asset": "NEO",
    "currency": "ETH",
    "min_size": "0.12320429736589213",
    "max_size": "90000000.00000000",
    "increment": "0.000001",
    "asset_increment": "0.01",
    "label": "NEO/ETH"
  },
  {
    "id": "IOTABTC",
    "asset": "IOTA",
    "currency": "BTC",
    "min_size": "11.621150493898895",
    "max_size": "90000000.00000000",
    "increment": "0.00000001",
    "asset_increment": "1.",
    "label": "IOTA/BTC"
  },
  {
    "id": "IOTAETH",
    "asset": "IOTA",
    "currency": "ETH",
    "min_size": "4.144888730462031",
    "max_size": "90000000.00000000",
    "increment": "0.00000001",
    "asset_increment": "1.",
    "label": "IOTA/ETH"
  },
  {
    "id": "LINKBTC",
    "asset": "LINK",
    "currency": "BTC",
    "min_size": "20.056157240272764",
    "max_size": "90000000.00000000",
    "increment": "0.00000001",
    "asset_increment": "1.",
    "label": "LINK/BTC"
  },
  {
    "id": "LINKETH",
    "asset": "LINK",
    "currency": "ETH",
    "min_size": "7.08541467389379",
    "max_size": "90000000.00000000",
    "increment": "0.00000001",
    "asset_increment": "1.",
    "label": "LINK/ETH"
  },
  {
    "id": "XVGBTC",
    "asset": "XVG",
    "currency": "BTC",
    "min_size": "444.44444444444446",
    "max_size": "90000000.00000000",
    "increment": "0.00000001",
    "asset_increment": "1.",
    "label": "XVG/BTC"
  },
  {
    "id": "XVGETH",
    "asset": "XVG",
    "currency": "ETH",
    "min_size": "158.5037248375337",
    "max_size": "90000000.00000000",
    "increment": "0.00000001",
    "asset_increment": "1.",
    "label": "XVG/ETH"
  },
  {
    "id": "SALTBTC",
    "asset": "SALT",
    "currency": "BTC",
    "min_size": "13.477088948787062",
    "max_size": "90000000.00000000",
    "increment": "0.0000001",
    "asset_increment": "0.01",
    "label": "SALT/BTC"
  },
  {
    "id": "SALTETH",
    "asset": "SALT",
    "currency": "ETH",
    "min_size": "4.84027105517909",
    "max_size": "90000000.00000000",
    "increment": "0.000001",
    "asset_increment": "0.01",
    "label": "SALT/ETH"
  },
  {
    "id": "MDABTC",
    "asset": "MDA",
    "currency": "BTC",
    "min_size": "14.992503748125939",
    "max_size": "90000000.00000000",
    "increment": "0.00000001",
    "asset_increment": "1.",
    "label": "MDA/BTC"
  },
  {
    "id": "MDAETH",
    "asset": "MDA",
    "currency": "ETH",
    "min_size": "5.3361792956243335",
    "max_size": "90000000.00000000",
    "increment": "0.0000001",
    "asset_increment": "1.",
    "label": "MDA/ETH"
  },
  {
    "id": "MTLBTC",
    "asset": "MTL",
    "currency": "BTC",
    "min_size": "9.398496240601503",
    "max_size": "90000000.00000000",
    "increment": "0.0000001",
    "asset_increment": "0.01",
    "label": "MTL/BTC"
  },
  {
    "id": "MTLETH",
    "asset": "MTL",
    "currency": "ETH",
    "min_size": "3.3835222466587718",
    "max_size": "90000000.00000000",
    "increment": "0.000001",
    "asset_increment": "0.01",
    "label": "MTL/ETH"
  },
  {
    "id": "SUBBTC",
    "asset": "SUB",
    "currency": "BTC",
    "min_size": "54.525627044711015",
    "max_size": "90000000.00000000",
    "increment": "0.00000001",
    "asset_increment": "1.",
    "label": "SUB/BTC"
  },
  {
    "id": "SUBETH",
    "asset": "SUB",
    "currency": "ETH",
    "min_size": "19.41785277384027",
    "max_size": "90000000.00000000",
    "increment": "0.00000001",
    "asset_increment": "1.",
    "label": "SUB/ETH"
  },
  {
    "id": "EOSBTC",
    "asset": "EOS",
    "currency": "BTC",
    "min_size": "1.1378506002161917",
    "max_size": "90000000.00000000",
    "increment": "0.0000001",
    "asset_increment": "0.01",
    "label": "EOS/BTC"
  },
  {
    "id": "SNTBTC",
    "asset": "SNT",
    "currency": "BTC",
    "min_size": "173.01038062283735",
    "max_size": "90000000.00000000",
    "increment": "0.00000001",
    "asset_increment": "1.",
    "label": "SNT/BTC"
  },
  {
    "id": "ETCETH",
    "asset": "ETC",
    "currency": "ETH",
    "min_size": "0.2072045004817505",
    "max_size": "90000000.00000000",
    "increment": "0.000001",
    "asset_increment": "0.01",
    "label": "ETC/ETH"
  },
  {
    "id": "ETCBTC",
    "asset": "ETC",
    "currency": "BTC",
    "min_size": "0.5830903790087464",
    "max_size": "10000000.00000000",
    "increment": "0.000001",
    "asset_increment": "0.01",
    "label": "ETC/BTC"
  },
  {
    "id": "MTHBTC",
    "asset": "MTH",
    "currency": "BTC",
    "min_size": "224.21524663677133",
    "max_size": "90000000.00000000",
    "increment": "0.00000001",
    "asset_increment": "1.",
    "label": "MTH/BTC"
  },
  {
    "id": "MTHETH",
    "asset": "MTH",
    "currency": "ETH",
    "min_size": "79.80845969672785",
    "max_size": "90000000.00000000",
    "increment": "0.00000001",
    "asset_increment": "1.",
    "label": "MTH/ETH"
  },
  {
    "id": "ENGBTC",
    "asset": "ENG",
    "currency": "BTC",
    "min_size": "10.721561059290234",
    "max_size": "90000000.00000000",
    "increment": "0.00000001",
    "asset_increment": "1.",
    "label": "ENG/BTC"
  },
  {
    "id": "ENGETH",
    "asset": "ENG",
    "currency": "ETH",
    "min_size": "3.7978048687858417",
    "max_size": "90000000.00000000",
    "increment": "0.0000001",
    "asset_increment": "1.",
    "label": "ENG/ETH"
  },
  {
    "id": "DNTBTC",
    "asset": "DNT",
    "currency": "BTC",
    "min_size": "272.47956403269757",
    "max_size": "90000000.00000000",
    "increment": "0.00000001",
    "asset_increment": "1.",
    "label": "DNT/BTC"
  },
  {
    "id": "ZECBTC",
    "asset": "ZEC",
    "currency": "BTC",
    "min_size": "0.04967216371945162",
    "max_size": "10000000.00000000",
    "increment": "0.000001",
    "asset_increment": "0.001",
    "label": "ZEC/BTC"
  },
  {
    "id": "ZECETH",
    "asset": "ZEC",
    "currency": "ETH",
    "min_size": "0.017604084147522223",
    "max_size": "10000000.00000000",
    "increment": "0.00001",
    "asset_increment": "0.001",
    "label": "ZEC/ETH"
  },
  {
    "id": "BNTBTC",
    "asset": "BNT",
    "currency": "BTC",
    "min_size": "4.368910830529949",
    "max_size": "90000000.00000000",
    "increment": "0.00000001",
    "asset_increment": "1.",
    "label": "BNT/BTC"
  },
  {
    "id": "ASTBTC",
    "asset": "AST",
    "currency": "BTC",
    "min_size": "80.64516129032258",
    "max_size": "90000000.00000000",
    "increment": "0.00000001",
    "asset_increment": "1.",
    "label": "AST/BTC"
  },
  {
    "id": "ASTETH",
    "asset": "AST",
    "currency": "ETH",
    "min_size": "28.48191398461977",
    "max_size": "90000000.00000000",
    "increment": "0.0000001",
    "asset_increment": "1.",
    "label": "AST/ETH"
  },
  {
    "id": "DASHBTC",
    "asset": "DASH",
    "currency": "BTC",
    "min_size": "0.035078488117162146",
    "max_size": "10000000.00000000",
    "increment": "0.000001",
    "asset_increment": "0.001",
    "label": "DASH/BTC"
  },
  {
    "id": "DASHETH",
    "asset": "DASH",
    "currency": "ETH",
    "min_size": "0.012531171288580344",
    "max_size": "10000000.00000000",
    "increment": "0.00001",
    "asset_increment": "0.001",
    "label": "DASH/ETH"
  },
  {
    "id": "OAXBTC",
    "asset": "OAX",
    "currency": "BTC",
    "min_size": "35.46099290780142",
    "max_size": "90000000.00000000",
    "increment": "0.00000001",
    "asset_increment": "1.",
    "label": "OAX/BTC"
  },
  {
    "id": "ICNBTC",
    "asset": "ICN",
    "currency": "BTC",
    "min_size": "16.644474034620508",
    "max_size": "90000000.00000000",
    "increment": "0.00000001",
    "asset_increment": "1.",
    "label": "ICN/BTC"
  },
  {
    "id": "BTGBTC",
    "asset": "BTG",
    "currency": "BTC",
    "min_size": "0.2517306482064191",
    "max_size": "10000000.00000000",
    "increment": "0.000001",
    "asset_increment": "0.01",
    "label": "BTG/BTC"
  },
  {
    "id": "BTGETH",
    "asset": "BTG",
    "currency": "ETH",
    "min_size": "0.08935312802962951",
    "max_size": "90000000.00000000",
    "increment": "0.000001",
    "asset_increment": "0.01",
    "label": "BTG/ETH"
  },
  {
    "id": "EVXBTC",
    "asset": "EVX",
    "currency": "BTC",
    "min_size": "14.13427561837456",
    "max_size": "90000000.00000000",
    "increment": "0.00000001",
    "asset_increment": "1.",
    "label": "EVX/BTC"
  },
  {
    "id": "EVXETH",
    "asset": "EVX",
    "currency": "ETH",
    "min_size": "5.039814534825119",
    "max_size": "90000000.00000000",
    "increment": "0.0000001",
    "asset_increment": "1.",
    "label": "EVX/ETH"
  },
  {
    "id": "REQBTC",
    "asset": "REQ",
    "currency": "BTC",
    "min_size": "140.4494382022472",
    "max_size": "90000000.00000000",
    "increment": "0.00000001",
    "asset_increment": "1.",
    "label": "REQ/BTC"
  },
  {
    "id": "REQETH",
    "asset": "REQ",
    "currency": "ETH",
    "min_size": "49.95753609431983",
    "max_size": "90000000.00000000",
    "increment": "0.00000001",
    "asset_increment": "1.",
    "label": "REQ/ETH"
  },
  {
    "id": "VIBBTC",
    "asset": "VIB",
    "currency": "BTC",
    "min_size": "166.38935108153078",
    "max_size": "90000000.00000000",
    "increment": "0.00000001",
    "asset_increment": "1.",
    "label": "VIB/BTC"
  },
  {
    "id": "VIBETH",
    "asset": "VIB",
    "currency": "ETH",
    "min_size": "58.8824118235883",
    "max_size": "90000000.00000000",
    "increment": "0.00000001",
    "asset_increment": "1.",
    "label": "VIB/ETH"
  },
  {
    "id": "HSRETH",
    "asset": "HSR",
    "currency": "ETH",
    "min_size": "0.01",
    "max_size": "90000000.00000000",
    "increment": "0.000001",
    "asset_increment": "0.01",
    "label": "HSR/ETH"
  },
  {
    "id": "TRXBTC",
    "asset": "TRX",
    "currency": "BTC",
    "min_size": "295.85798816568047",
    "max_size": "90000000.00000000",
    "increment": "0.00000001",
    "asset_increment": "1.",
    "label": "TRX/BTC"
  },
  {
    "id": "TRXETH",
    "asset": "TRX",
    "currency": "ETH",
    "min_size": "105.3740779768177",
    "max_size": "90000000.00000000",
    "increment": "0.00000001",
    "asset_increment": "1.",
    "label": "TRX/ETH"
  },
  {
    "id": "POWRBTC",
    "asset": "POWR",
    "currency": "BTC",
    "min_size": "39.447731755424066",
    "max_size": "90000000.00000000",
    "increment": "0.00000001",
    "asset_increment": "1.",
    "label": "POWR/BTC"
  },
  {
    "id": "POWRETH",
    "asset": "POWR",
    "currency": "ETH",
    "min_size": "14.142071247754945",
    "max_size": "90000000.00000000",
    "increment": "0.00000001",
    "asset_increment": "1.",
    "label": "POWR/ETH"
  },
  {
    "id": "ARKBTC",
    "asset": "ARK",
    "currency": "BTC",
    "min_size": "9.174311926605505",
    "max_size": "90000000.00000000",
    "increment": "0.0000001",
    "asset_increment": "0.01",
    "label": "ARK/BTC"
  },
  {
    "id": "ARKETH",
    "asset": "ARK",
    "currency": "ETH",
    "min_size": "3.26477309826967",
    "max_size": "90000000.00000000",
    "increment": "0.000001",
    "asset_increment": "0.01",
    "label": "ARK/ETH"
  },
  {
    "id": "YOYOETH",
    "asset": "YOYOW",
    "currency": "ETH",
    "min_size": "86.22176237282291",
    "max_size": "90000000.00000000",
    "increment": "0.00000001",
    "asset_increment": "1.",
    "label": "YOYOW/ETH"
  },
  {
    "id": "XRPBTC",
    "asset": "XRP",
    "currency": "BTC",
    "min_size": "10.840108401084011",
    "max_size": "90000000.00000000",
    "increment": "0.00000001",
    "asset_increment": "1.",
    "label": "XRP/BTC"
  },
  {
    "id": "XRPETH",
    "asset": "XRP",
    "currency": "ETH",
    "min_size": "3.8698043039963474",
    "max_size": "90000000.00000000",
    "increment": "0.00000001",
    "asset_increment": "1.",
    "label": "XRP/ETH"
  },
  {
    "id": "MODBTC",
    "asset": "MOD",
    "currency": "BTC",
    "min_size": "9.920634920634921",
    "max_size": "90000000.00000000",
    "increment": "0.0000001",
    "asset_increment": "0.01",
    "label": "MOD/BTC"
  },
  {
    "id": "MODETH",
    "asset": "MOD",
    "currency": "ETH",
    "min_size": "3.5198873636043646",
    "max_size": "90000000.00000000",
    "increment": "0.000001",
    "asset_increment": "0.01",
    "label": "MOD/ETH"
  },
  {
    "id": "ENJBTC",
    "asset": "ENJ",
    "currency": "BTC",
    "min_size": "110.98779134295228",
    "max_size": "90000000.00000000",
    "increment": "0.00000001",
    "asset_increment": "1.",
    "label": "ENJ/BTC"
  },
  {
    "id": "ENJETH",
    "asset": "ENJ",
    "currency": "ETH",
    "min_size": "39.35148748622698",
    "max_size": "90000000.00000000",
    "increment": "0.00000001",
    "asset_increment": "1.",
    "label": "ENJ/ETH"
  },
  {
    "id": "STORJBTC",
    "asset": "STORJ",
    "currency": "BTC",
    "min_size": "24.154589371980677",
    "max_size": "90000000.00000000",
    "increment": "0.00000001",
    "asset_increment": "1.",
    "label": "STORJ/BTC"
  },
  {
    "id": "STORJETH",
    "asset": "STORJ",
    "currency": "ETH",
    "min_size": "8.625150940141452",
    "max_size": "90000000.00000000",
    "increment": "0.0000001",
    "asset_increment": "1.",
    "label": "STORJ/ETH"
  },
  {
    "id": "BNBUSDT",
    "asset": "BNB",
    "currency": "USDT",
    "min_size": "0.999525225517879",
    "max_size": "10000000.00000000",
    "increment": "0.0001",
    "asset_increment": "0.01",
    "label": "BNB/USDT"
  },
  {
    "id": "VENBNB",
    "asset": "VEN",
    "currency": "BNB",
    "min_size": "6.66000666000666",
    "max_size": "10000000.00000000",
    "increment": "0.0001",
    "asset_increment": "0.01",
    "label": "VEN/BNB"
  },
  {
    "id": "YOYOBNB",
    "asset": "YOYOW",
    "currency": "BNB",
    "min_size": "369.41263391207974",
    "max_size": "90000000.00000000",
    "increment": "0.000001",
    "asset_increment": "1.",
    "label": "YOYOW/BNB"
  },
  {
    "id": "POWRBNB",
    "asset": "POWR",
    "currency": "BNB",
    "min_size": "59.77286312014345",
    "max_size": "90000000.00000000",
    "increment": "0.00001",
    "asset_increment": "0.1",
    "label": "POWR/BNB"
  },
  {
    "id": "VENBTC",
    "asset": "VEN",
    "currency": "BTC",
    "min_size": "1",
    "max_size": "90000000.00000000",
    "increment": "0.00000001",
    "asset_increment": "1.",
    "label": "VEN/BTC"
  },
  {
    "id": "VENETH",
    "asset": "VEN",
    "currency": "ETH",
    "min_size": "1",
    "max_size": "90000000.00000000",
    "increment": "0.00000001",
    "asset_increment": "1.",
    "label": "VEN/ETH"
  },
  {
    "id": "KMDBTC",
    "asset": "KMD",
    "currency": "BTC",
    "min_size": "5.574136008918618",
    "max_size": "90000000.00000000",
    "increment": "0.0000001",
    "asset_increment": "0.01",
    "label": "KMD/BTC"
  },
  {
    "id": "KMDETH",
    "asset": "KMD",
    "currency": "ETH",
    "min_size": "1.9739439399921046",
    "max_size": "90000000.00000000",
    "increment": "0.000001",
    "asset_increment": "0.01",
    "label": "KMD/ETH"
  },
  {
    "id": "NULSBNB",
    "asset": "NULS",
    "currency": "BNB",
    "min_size": "8.300132802124834",
    "max_size": "90000000.00000000",
    "increment": "0.00001",
    "asset_increment": "0.1",
    "label": "NULS/BNB"
  },
  {
    "id": "RCNBTC",
    "asset": "RCN",
    "currency": "BTC",
    "min_size": "232.5581395348837",
    "max_size": "90000000.00000000",
    "increment": "0.00000001",
    "asset_increment": "1.",
    "label": "RCN/BTC"
  },
  {
    "id": "RCNETH",
    "asset": "RCN",
    "currency": "ETH",
    "min_size": "82.67195767195768",
    "max_size": "90000000.00000000",
    "increment": "0.00000001",
    "asset_increment": "1.",
    "label": "RCN/ETH"
  },
  {
    "id": "RCNBNB",
    "asset": "RCN",
    "currency": "BNB",
    "min_size": "354.6099290780142",
    "max_size": "90000000.00000000",
    "increment": "0.000001",
    "asset_increment": "1.",
    "label": "RCN/BNB"
  },
  {
    "id": "NULSBTC",
    "asset": "NULS",
    "currency": "BTC",
    "min_size": "5.554629783924901",
    "max_size": "90000000.00000000",
    "increment": "0.00000001",
    "asset_increment": "1.",
    "label": "NULS/BTC"
  },
  {
    "id": "NULSETH",
    "asset": "NULS",
    "currency": "ETH",
    "min_size": "1.9586029676752168",
    "max_size": "90000000.00000000",
    "increment": "0.00000001",
    "asset_increment": "1.",
    "label": "NULS/ETH"
  },
  {
    "id": "RDNBTC",
    "asset": "RDN",
    "currency": "BTC",
    "min_size": "14.5623998835008",
    "max_size": "90000000.00000000",
    "increment": "0.00000001",
    "asset_increment": "1.",
    "label": "RDN/BTC"
  },
  {
    "id": "RDNETH",
    "asset": "RDN",
    "currency": "ETH",
    "min_size": "5.187529179851637",
    "max_size": "90000000.00000000",
    "increment": "0.0000001",
    "asset_increment": "1.",
    "label": "RDN/ETH"
  },
  {
    "id": "RDNBNB",
    "asset": "RDN",
    "currency": "BNB",
    "min_size": "21.929824561403507",
    "max_size": "90000000.00000000",
    "increment": "0.00001",
    "asset_increment": "0.1",
    "label": "RDN/BNB"
  },
  {
    "id": "XMRBTC",
    "asset": "XMR",
    "currency": "BTC",
    "min_size": "0.05696707303178763",
    "max_size": "10000000.00000000",
    "increment": "0.000001",
    "asset_increment": "0.001",
    "label": "XMR/BTC"
  },
  {
    "id": "XMRETH",
    "asset": "XMR",
    "currency": "ETH",
    "min_size": "0.020302095176222185",
    "max_size": "10000000.00000000",
    "increment": "0.00001",
    "asset_increment": "0.001",
    "label": "XMR/ETH"
  },
  {
    "id": "DLTBNB",
    "asset": "DLT",
    "currency": "BNB",
    "min_size": "142.85714285714283",
    "max_size": "90000000.00000000",
    "increment": "0.00001",
    "asset_increment": "0.1",
    "label": "DLT/BNB"
  },
  {
    "id": "WTCBNB",
    "asset": "WTC",
    "currency": "BNB",
    "min_size": "3.4176349965823647",
    "max_size": "10000000.00000000",
    "increment": "0.0001",
    "asset_increment": "0.01",
    "label": "WTC/BNB"
  },
  {
    "id": "DLTBTC",
    "asset": "DLT",
    "currency": "BTC",
    "min_size": "93.7207122774133",
    "max_size": "90000000.00000000",
    "increment": "0.00000001",
    "asset_increment": "1.",
    "label": "DLT/BTC"
  },
  {
    "id": "DLTETH",
    "asset": "DLT",
    "currency": "ETH",
    "min_size": "33.145508783559826",
    "max_size": "90000000.00000000",
    "increment": "0.00000001",
    "asset_increment": "1.",
    "label": "DLT/ETH"
  },
  {
    "id": "AMBBTC",
    "asset": "AMB",
    "currency": "BTC",
    "min_size": "44.4247001332741",
    "max_size": "90000000.00000000",
    "increment": "0.00000001",
    "asset_increment": "1.",
    "label": "AMB/BTC"
  },
  {
    "id": "AMBETH",
    "asset": "AMB",
    "currency": "ETH",
    "min_size": "15.758702743590149",
    "max_size": "90000000.00000000",
    "increment": "0.00000001",
    "asset_increment": "1.",
    "label": "AMB/ETH"
  },
  {
    "id": "AMBBNB",
    "asset": "AMB",
    "currency": "BNB",
    "min_size": "64.55777921239509",
    "max_size": "90000000.00000000",
    "increment": "0.00001",
    "asset_increment": "0.1",
    "label": "AMB/BNB"
  },
  {
    "id": "BCCETH",
    "asset": "BCH",
    "currency": "ETH",
    "min_size": "0.0043509095576430255",
    "max_size": "10000000.00000000",
    "increment": "0.00001",
    "asset_increment": "0.001",
    "label": "BCH/ETH"
  },
  {
    "id": "BCCUSDT",
    "asset": "BCH",
    "currency": "USDT",
    "min_size": "0.018416884599801096",
    "max_size": "10000000.00000000",
    "increment": "0.01",
    "asset_increment": "0.00001",
    "label": "BCH/USDT"
  },
  {
    "id": "BCCBNB",
    "asset": "BCH",
    "currency": "BNB",
    "min_size": "0.018422991893883568",
    "max_size": "10000000.00000000",
    "increment": "0.01",
    "asset_increment": "0.00001",
    "label": "BCH/BNB"
  },
  {
    "id": "BATBTC",
    "asset": "BAT",
    "currency": "BTC",
    "min_size": "38.211692777990066",
    "max_size": "90000000.00000000",
    "increment": "0.00000001",
    "asset_increment": "1.",
    "label": "BAT/BTC"
  },
  {
    "id": "BATETH",
    "asset": "BAT",
    "currency": "ETH",
    "min_size": "13.59785697774031",
    "max_size": "90000000.00000000",
    "increment": "0.00000001",
    "asset_increment": "1.",
    "label": "BAT/ETH"
  },
  {
    "id": "BATBNB",
    "asset": "BAT",
    "currency": "BNB",
    "min_size": "58.038305281485776",
    "max_size": "90000000.00000000",
    "increment": "0.00001",
    "asset_increment": "0.1",
    "label": "BAT/BNB"
  },
  {
    "id": "BCPTBTC",
    "asset": "BCPT",
    "currency": "BTC",
    "min_size": "64.76683937823834",
    "max_size": "90000000.00000000",
    "increment": "0.00000001",
    "asset_increment": "1.",
    "label": "BCPT/BTC"
  },
  {
    "id": "BCPTETH",
    "asset": "BCPT",
    "currency": "ETH",
    "min_size": "23.057412958266085",
    "max_size": "90000000.00000000",
    "increment": "0.00000001",
    "asset_increment": "1.",
    "label": "BCPT/ETH"
  },
  {
    "id": "BCPTBNB",
    "asset": "BCPT",
    "currency": "BNB",
    "min_size": "97.08737864077669",
    "max_size": "90000000.00000000",
    "increment": "0.00001",
    "asset_increment": "0.1",
    "label": "BCPT/BNB"
  },
  {
    "id": "ARNBTC",
    "asset": "ARN",
    "currency": "BTC",
    "min_size": "18.218254691200585",
    "max_size": "90000000.00000000",
    "increment": "0.00000001",
    "asset_increment": "1.",
    "label": "ARN/BTC"
  },
  {
    "id": "ARNETH",
    "asset": "ARN",
    "currency": "ETH",
    "min_size": "6.445583164136775",
    "max_size": "90000000.00000000",
    "increment": "0.00000001",
    "asset_increment": "1.",
    "label": "ARN/ETH"
  },
  {
    "id": "GVTBTC",
    "asset": "GVT",
    "currency": "BTC",
    "min_size": "0.7143877696813831",
    "max_size": "90000000.00000000",
    "increment": "0.0000001",
    "asset_increment": "0.01",
    "label": "GVT/BTC"
  },
  {
    "id": "GVTETH",
    "asset": "GVT",
    "currency": "ETH",
    "min_size": "0.25458248472505096",
    "max_size": "90000000.00000000",
    "increment": "0.000001",
    "asset_increment": "0.01",
    "label": "GVT/ETH"
  },
  {
    "id": "CDTBTC",
    "asset": "CDT",
    "currency": "BTC",
    "min_size": "429.18454935622316",
    "max_size": "90000000.00000000",
    "increment": "0.00000001",
    "asset_increment": "1.",
    "label": "CDT/BTC"
  },
  {
    "id": "CDTETH",
    "asset": "CDT",
    "currency": "ETH",
    "min_size": "153.06903413439463",
    "max_size": "90000000.00000000",
    "increment": "0.00000001",
    "asset_increment": "1.",
    "label": "CDT/ETH"
  },
  {
    "id": "GXSBTC",
    "asset": "GXS",
    "currency": "BTC",
    "min_size": "4.701457451810062",
    "max_size": "90000000.00000000",
    "increment": "0.0000001",
    "asset_increment": "0.01",
    "label": "GXS/BTC"
  },
  {
    "id": "GXSETH",
    "asset": "GXS",
    "currency": "ETH",
    "min_size": "1.665556295802798",
    "max_size": "90000000.00000000",
    "increment": "0.000001",
    "asset_increment": "0.01",
    "label": "GXS/ETH"
  },
  {
    "id": "NEOUSDT",
    "asset": "NEO",
    "currency": "USDT",
    "min_size": "0.5220841599665866",
    "max_size": "10000000.00000000",
    "increment": "0.001",
    "asset_increment": "0.001",
    "label": "NEO/USDT"
  },
  {
    "id": "NEOBNB",
    "asset": "NEO",
    "currency": "BNB",
    "min_size": "0.5227391531625719",
    "max_size": "10000000.00000000",
    "increment": "0.001",
    "asset_increment": "0.001",
    "label": "NEO/BNB"
  },
  {
    "id": "POEBTC",
    "asset": "POE",
    "currency": "BTC",
    "min_size": "641.0256410256411",
    "max_size": "90000000.00000000",
    "increment": "0.00000001",
    "asset_increment": "1.",
    "label": "POE/BTC"
  },
  {
    "id": "POEETH",
    "asset": "POE",
    "currency": "ETH",
    "min_size": "228.41480127912286",
    "max_size": "90000000.00000000",
    "increment": "0.00000001",
    "asset_increment": "1.",
    "label": "POE/ETH"
  },
  {
    "id": "QSPBTC",
    "asset": "QSP",
    "currency": "BTC",
    "min_size": "179.2114695340502",
    "max_size": "90000000.00000000",
    "increment": "0.00000001",
    "asset_increment": "1.",
    "label": "QSP/BTC"
  },
  {
    "id": "QSPETH",
    "asset": "QSP",
    "currency": "ETH",
    "min_size": "63.98362019323053",
    "max_size": "90000000.00000000",
    "increment": "0.00000001",
    "asset_increment": "1.",
    "label": "QSP/ETH"
  },
  {
    "id": "QSPBNB",
    "asset": "QSP",
    "currency": "BNB",
    "min_size": "272.4795640326975",
    "max_size": "90000000.00000000",
    "increment": "0.000001",
    "asset_increment": "1.",
    "label": "QSP/BNB"
  },
  {
    "id": "BTSBTC",
    "asset": "BTS",
    "currency": "BTC",
    "min_size": "57.4712643678161",
    "max_size": "90000000.00000000",
    "increment": "0.00000001",
    "asset_increment": "1.",
    "label": "BTS/BTC"
  },
  {
    "id": "BTSETH",
    "asset": "BTS",
    "currency": "ETH",
    "min_size": "20.46496398166339",
    "max_size": "90000000.00000000",
    "increment": "0.00000001",
    "asset_increment": "1.",
    "label": "BTS/ETH"
  },
  {
    "id": "BTSBNB",
    "asset": "BTS",
    "currency": "BNB",
    "min_size": "87.03220191470844",
    "max_size": "90000000.00000000",
    "increment": "0.00001",
    "asset_increment": "0.1",
    "label": "BTS/BNB"
  },
  {
    "id": "XZCBTC",
    "asset": "XZC",
    "currency": "BTC",
    "min_size": "0.6664445184938355",
    "max_size": "10000000.00000000",
    "increment": "0.000001",
    "asset_increment": "0.01",
    "label": "XZC/BTC"
  },
  {
    "id": "XZCETH",
    "asset": "XZC",
    "currency": "ETH",
    "min_size": "0.23633398719069787",
    "max_size": "90000000.00000000",
    "increment": "0.000001",
    "asset_increment": "0.01",
    "label": "XZC/ETH"
  },
  {
    "id": "XZCBNB",
    "asset": "XZC",
    "currency": "BNB",
    "min_size": "1.0070493454179255",
    "max_size": "10000000.00000000",
    "increment": "0.001",
    "asset_increment": "0.001",
    "label": "XZC/BNB"
  },
  {
    "id": "LSKBTC",
    "asset": "LSK",
    "currency": "BTC",
    "min_size": "2.011667672500503",
    "max_size": "90000000.00000000",
    "increment": "0.0000001",
    "asset_increment": "0.01",
    "label": "LSK/BTC"
  },
  {
    "id": "LSKETH",
    "asset": "LSK",
    "currency": "ETH",
    "min_size": "0.7147451933385748",
    "max_size": "90000000.00000000",
    "increment": "0.000001",
    "asset_increment": "0.01",
    "label": "LSK/ETH"
  },
  {
    "id": "LSKBNB",
    "asset": "LSK",
    "currency": "BNB",
    "min_size": "3.0275507114744173",
    "max_size": "10000000.00000000",
    "increment": "0.0001",
    "asset_increment": "0.01",
    "label": "LSK/BNB"
  },
  {
    "id": "TNTBTC",
    "asset": "TNT",
    "currency": "BTC",
    "min_size": "234.192037470726",
    "max_size": "90000000.00000000",
    "increment": "0.00000001",
    "asset_increment": "1.",
    "label": "TNT/BTC"
  },
  {
    "id": "TNTETH",
    "asset": "TNT",
    "currency": "ETH",
    "min_size": "83.47245409015025",
    "max_size": "90000000.00000000",
    "increment": "0.00000001",
    "asset_increment": "1.",
    "label": "TNT/ETH"
  },
  {
    "id": "FUELBTC",
    "asset": "FUEL",
    "currency": "BTC",
    "min_size": "384.6153846153847",
    "max_size": "90000000.00000000",
    "increment": "0.00000001",
    "asset_increment": "1.",
    "label": "FUEL/BTC"
  },
  {
    "id": "FUELETH",
    "asset": "FUEL",
    "currency": "ETH",
    "min_size": "136.986301369863",
    "max_size": "90000000.00000000",
    "increment": "0.00000001",
    "asset_increment": "1.",
    "label": "FUEL/ETH"
  },
  {
    "id": "MANABTC",
    "asset": "MANA",
    "currency": "BTC",
    "min_size": "85.61643835616438",
    "max_size": "90000000.00000000",
    "increment": "0.00000001",
    "asset_increment": "1.",
    "label": "MANA/BTC"
  },
  {
    "id": "MANAETH",
    "asset": "MANA",
    "currency": "ETH",
    "min_size": "30.463656857369156",
    "max_size": "90000000.00000000",
    "increment": "0.00000001",
    "asset_increment": "1.",
    "label": "MANA/ETH"
  },
  {
    "id": "BCDBTC",
    "asset": "BCD",
    "currency": "BTC",
    "min_size": "3.4482758620689657",
    "max_size": "10000000.00000000",
    "increment": "0.000001",
    "asset_increment": "0.001",
    "label": "BCD/BTC"
  },
  {
    "id": "BCDETH",
    "asset": "BCD",
    "currency": "ETH",
    "min_size": "1.2165450121654502",
    "max_size": "10000000.00000000",
    "increment": "0.00001",
    "asset_increment": "0.001",
    "label": "BCD/ETH"
  },
  {
    "id": "DGDBTC",
    "asset": "DGD",
    "currency": "BTC",
    "min_size": "0.17262213015708613",
    "max_size": "10000000.00000000",
    "increment": "0.000001",
    "asset_increment": "0.001",
    "label": "DGD/BTC"
  },
  {
    "id": "DGDETH",
    "asset": "DGD",
    "currency": "ETH",
    "min_size": "0.0615991129727732",
    "max_size": "10000000.00000000",
    "increment": "0.00001",
    "asset_increment": "0.001",
    "label": "DGD/ETH"
  },
  {
    "id": "IOTABNB",
    "asset": "IOTA",
    "currency": "BNB",
    "min_size": "17.59633996128805",
    "max_size": "90000000.00000000",
    "increment": "0.00001",
    "asset_increment": "0.1",
    "label": "IOTA/BNB"
  },
  {
    "id": "ADXBTC",
    "asset": "ADX",
    "currency": "BTC",
    "min_size": "31.595576619273306",
    "max_size": "90000000.00000000",
    "increment": "0.00000001",
    "asset_increment": "1.",
    "label": "ADX/BTC"
  },
  {
    "id": "ADXETH",
    "asset": "ADX",
    "currency": "ETH",
    "min_size": "11.229646266142616",
    "max_size": "90000000.00000000",
    "increment": "0.0000001",
    "asset_increment": "1.",
    "label": "ADX/ETH"
  },
  {
    "id": "ADXBNB",
    "asset": "ADX",
    "currency": "BNB",
    "min_size": "47.19207173194903",
    "max_size": "90000000.00000000",
    "increment": "0.00001",
    "asset_increment": "0.1",
    "label": "ADX/BNB"
  },
  {
    "id": "ADABTC",
    "asset": "ADA",
    "currency": "BTC",
    "min_size": "77.04160246533128",
    "max_size": "90000000.00000000",
    "increment": "0.00000001",
    "asset_increment": "1.",
    "label": "ADA/BTC"
  },
  {
    "id": "ADAETH",
    "asset": "ADA",
    "currency": "ETH",
    "min_size": "27.408524050979857",
    "max_size": "90000000.00000000",
    "increment": "0.00000001",
    "asset_increment": "1.",
    "label": "ADA/ETH"
  },
  {
    "id": "PPTBTC",
    "asset": "PPT",
    "currency": "BTC",
    "min_size": "2.059732234809475",
    "max_size": "90000000.00000000",
    "increment": "0.0000001",
    "asset_increment": "0.01",
    "label": "PPT/BTC"
  },
  {
    "id": "PPTETH",
    "asset": "PPT",
    "currency": "ETH",
    "min_size": "0.7363770250368189",
    "max_size": "90000000.00000000",
    "increment": "0.000001",
    "asset_increment": "0.01",
    "label": "PPT/ETH"
  },
  {
    "id": "CMTBTC",
    "asset": "CMT",
    "currency": "BTC",
    "min_size": "63.856960408684536",
    "max_size": "90000000.00000000",
    "increment": "0.00000001",
    "asset_increment": "1.",
    "label": "CMT/BTC"
  },
  {
    "id": "CMTETH",
    "asset": "CMT",
    "currency": "ETH",
    "min_size": "22.769188733805414",
    "max_size": "90000000.00000000",
    "increment": "0.00000001",
    "asset_increment": "1.",
    "label": "CMT/ETH"
  },
  {
    "id": "CMTBNB",
    "asset": "CMT",
    "currency": "BNB",
    "min_size": "96.80542110358179",
    "max_size": "90000000.00000000",
    "increment": "0.00001",
    "asset_increment": "0.1",
    "label": "CMT/BNB"
  },
  {
    "id": "XLMBTC",
    "asset": "XLM",
    "currency": "BTC",
    "min_size": "25.50369803621525",
    "max_size": "90000000.00000000",
    "increment": "0.00000001",
    "asset_increment": "1.",
    "label": "XLM/BTC"
  },
  {
    "id": "XLMETH",
    "asset": "XLM",
    "currency": "ETH",
    "min_size": "9.06947215672048",
    "max_size": "90000000.00000000",
    "increment": "0.00000001",
    "asset_increment": "1.",
    "label": "XLM/ETH"
  },
  {
    "id": "XLMBNB",
    "asset": "XLM",
    "currency": "BNB",
    "min_size": "38.40245775729647",
    "max_size": "90000000.00000000",
    "increment": "0.00001",
    "asset_increment": "0.1",
    "label": "XLM/BNB"
  },
  {
    "id": "CNDBTC",
    "asset": "CND",
    "currency": "BTC",
    "min_size": "303.95136778115506",
    "max_size": "90000000.00000000",
    "increment": "0.00000001",
    "asset_increment": "1.",
    "label": "CND/BTC"
  },
  {
    "id": "CNDETH",
    "asset": "CND",
    "currency": "ETH",
    "min_size": "108.1548777849881",
    "max_size": "90000000.00000000",
    "increment": "0.00000001",
    "asset_increment": "1.",
    "label": "CND/ETH"
  },
  {
    "id": "CNDBNB",
    "asset": "CND",
    "currency": "BNB",
    "min_size": "460.40515653775327",
    "max_size": "90000000.00000000",
    "increment": "0.000001",
    "asset_increment": "1.",
    "label": "CND/BNB"
  },
  {
    "id": "LENDBTC",
    "asset": "LEND",
    "currency": "BTC",
    "min_size": "446.4285714285715",
    "max_size": "90000000.00000000",
    "increment": "0.00000001",
    "asset_increment": "1.",
    "label": "LEND/BTC"
  },
  {
    "id": "LENDETH",
    "asset": "LEND",
    "currency": "ETH",
    "min_size": "158.83100381194407",
    "max_size": "90000000.00000000",
    "increment": "0.00000001",
    "asset_increment": "1.",
    "label": "LEND/ETH"
  },
  {
    "id": "WABIBTC",
    "asset": "WABI",
    "currency": "BTC",
    "min_size": "31.123560535325243",
    "max_size": "90000000.00000000",
    "increment": "0.00000001",
    "asset_increment": "1.",
    "label": "WABI/BTC"
  },
  {
    "id": "WABIETH",
    "asset": "WABI",
    "currency": "ETH",
    "min_size": "11.047892614483786",
    "max_size": "90000000.00000000",
    "increment": "0.00000001",
    "asset_increment": "1.",
    "label": "WABI/ETH"
  },
  {
    "id": "WABIBNB",
    "asset": "WABI",
    "currency": "BNB",
    "min_size": "46.728971962616825",
    "max_size": "90000000.00000000",
    "increment": "0.00001",
    "asset_increment": "0.1",
    "label": "WABI/BNB"
  },
  {
    "id": "LTCETH",
    "asset": "LTC",
    "currency": "ETH",
    "min_size": "0.03844675124951941",
    "max_size": "10000000.00000000",
    "increment": "0.00001",
    "asset_increment": "0.001",
    "label": "LTC/ETH"
  },
  {
    "id": "LTCUSDT",
    "asset": "LTC",
    "currency": "USDT",
    "min_size": "0.16240357287860333",
    "max_size": "10000000.00000000",
    "increment": "0.01",
    "asset_increment": "0.00001",
    "label": "LTC/USDT"
  },
  {
    "id": "LTCBNB",
    "asset": "LTC",
    "currency": "BNB",
    "min_size": "0.16286644951140067",
    "max_size": "10000000.00000000",
    "increment": "0.01",
    "asset_increment": "0.00001",
    "label": "LTC/BNB"
  },
  {
    "id": "TNBBTC",
    "asset": "TNB",
    "currency": "BTC",
    "min_size": "675.6756756756757",
    "max_size": "90000000.00000000",
    "increment": "0.00000001",
    "asset_increment": "1.",
    "label": "TNB/BTC"
  },
  {
    "id": "TNBETH",
    "asset": "TNB",
    "currency": "ETH",
    "min_size": "238.72045834328003",
    "max_size": "90000000.00000000",
    "increment": "0.00000001",
    "asset_increment": "1.",
    "label": "TNB/ETH"
  },
  {
    "id": "WAVESBTC",
    "asset": "WAVES",
    "currency": "BTC",
    "min_size": "2.9904306220095696",
    "max_size": "90000000.00000000",
    "increment": "0.0000001",
    "asset_increment": "0.01",
    "label": "WAVES/BTC"
  },
  {
    "id": "WAVESETH",
    "asset": "WAVES",
    "currency": "ETH",
    "min_size": "1.0607828577490186",
    "max_size": "90000000.00000000",
    "increment": "0.000001",
    "asset_increment": "0.01",
    "label": "WAVES/ETH"
  },
  {
    "id": "WAVESBNB",
    "asset": "WAVES",
    "currency": "BNB",
    "min_size": "4.486316733961417",
    "max_size": "10000000.00000000",
    "increment": "0.0001",
    "asset_increment": "0.01",
    "label": "WAVES/BNB"
  },
  {
    "id": "GTOBTC",
    "asset": "GTO",
    "currency": "BTC",
    "min_size": "96.61835748792271",
    "max_size": "90000000.00000000",
    "increment": "0.00000001",
    "asset_increment": "1.",
    "label": "GTO/BTC"
  },
  {
    "id": "GTOETH",
    "asset": "GTO",
    "currency": "ETH",
    "min_size": "34.34655675768504",
    "max_size": "90000000.00000000",
    "increment": "0.00000001",
    "asset_increment": "1.",
    "label": "GTO/ETH"
  },
  {
    "id": "GTOBNB",
    "asset": "GTO",
    "currency": "BNB",
    "min_size": "145.7725947521866",
    "max_size": "90000000.00000000",
    "increment": "0.00001",
    "asset_increment": "0.1",
    "label": "GTO/BNB"
  },
  {
    "id": "ICXBTC",
    "asset": "ICX",
    "currency": "BTC",
    "min_size": "10.090817356205854",
    "max_size": "90000000.00000000",
    "increment": "0.0000001",
    "asset_increment": "0.01",
    "label": "ICX/BTC"
  },
  {
    "id": "ICXETH",
    "asset": "ICX",
    "currency": "ETH",
    "min_size": "3.593890386343217",
    "max_size": "90000000.00000000",
    "increment": "0.000001",
    "asset_increment": "0.01",
    "label": "ICX/ETH"
  },
  {
    "id": "ICXBNB",
    "asset": "ICX",
    "currency": "BNB",
    "min_size": "15.243902439024389",
    "max_size": "90000000.00000000",
    "increment": "0.00001",
    "asset_increment": "0.1",
    "label": "ICX/BNB"
  },
  {
    "id": "OSTBTC",
    "asset": "OST",
    "currency": "BTC",
    "min_size": "139.4700139470014",
    "max_size": "90000000.00000000",
    "increment": "0.00000001",
    "asset_increment": "1.",
    "label": "OST/BTC"
  },
  {
    "id": "OSTETH",
    "asset": "OST",
    "currency": "ETH",
    "min_size": "49.64750273061266",
    "max_size": "90000000.00000000",
    "increment": "0.00000001",
    "asset_increment": "1.",
    "label": "OST/ETH"
  },
  {
    "id": "OSTBNB",
    "asset": "OST",
    "currency": "BNB",
    "min_size": "208.33333333333331",
    "max_size": "90000000.00000000",
    "increment": "0.000001",
    "asset_increment": "1.",
    "label": "OST/BNB"
  },
  {
    "id": "ELFBTC",
    "asset": "ELF",
    "currency": "BTC",
    "min_size": "19.19754271453254",
    "max_size": "90000000.00000000",
    "increment": "0.00000001",
    "asset_increment": "1.",
    "label": "ELF/BTC"
  },
  {
    "id": "ELFETH",
    "asset": "ELF",
    "currency": "ETH",
    "min_size": "6.824727352142283",
    "max_size": "90000000.00000000",
    "increment": "0.00000001",
    "asset_increment": "1.",
    "label": "ELF/ETH"
  },
  {
    "id": "AIONBTC",
    "asset": "AION",
    "currency": "BTC",
    "min_size": "15.822784810126585",
    "max_size": "90000000.00000000",
    "increment": "0.0000001",
    "asset_increment": "0.01",
    "label": "AION/BTC"
  },
  {
    "id": "AIONETH",
    "asset": "AION",
    "currency": "ETH",
    "min_size": "5.617977528089888",
    "max_size": "90000000.00000000",
    "increment": "0.000001",
    "asset_increment": "0.01",
    "label": "AION/ETH"
  },
  {
    "id": "AIONBNB",
    "asset": "AION",
    "currency": "BNB",
    "min_size": "24.078979051288226",
    "max_size": "90000000.00000000",
    "increment": "0.00001",
    "asset_increment": "0.1",
    "label": "AION/BNB"
  },
  {
    "id": "NEBLBTC",
    "asset": "NEBL",
    "currency": "BTC",
    "min_size": "3.4566194262011747",
    "max_size": "90000000.00000000",
    "increment": "0.0000001",
    "asset_increment": "0.01",
    "label": "NEBL/BTC"
  },
  {
    "id": "NEBLETH",
    "asset": "NEBL",
    "currency": "ETH",
    "min_size": "1.2214486380847687",
    "max_size": "90000000.00000000",
    "increment": "0.000001",
    "asset_increment": "0.01",
    "label": "NEBL/ETH"
  },
  {
    "id": "NEBLBNB",
    "asset": "NEBL",
    "currency": "BNB",
    "min_size": "5.181078700585462",
    "max_size": "90000000.00000000",
    "increment": "0.00001",
    "asset_increment": "0.1",
    "label": "NEBL/BNB"
  },
  {
    "id": "BRDBTC",
    "asset": "BRD",
    "currency": "BTC",
    "min_size": "18.89287738522577",
    "max_size": "90000000.00000000",
    "increment": "0.00000001",
    "asset_increment": "1.",
    "label": "BRD/BTC"
  },
  {
    "id": "BRDETH",
    "asset": "BRD",
    "currency": "ETH",
    "min_size": "6.654245408570668",
    "max_size": "90000000.00000000",
    "increment": "0.0000001",
    "asset_increment": "1.",
    "label": "BRD/ETH"
  },
  {
    "id": "BRDBNB",
    "asset": "BRD",
    "currency": "BNB",
    "min_size": "28.52253280091272",
    "max_size": "90000000.00000000",
    "increment": "0.00001",
    "asset_increment": "0.1",
    "label": "BRD/BNB"
  },
  {
    "id": "MCOBNB",
    "asset": "MCO",
    "currency": "BNB",
    "min_size": "2.2547914317925595",
    "max_size": "90000000.00000000",
    "increment": "0.00001",
    "asset_increment": "0.1",
    "label": "MCO/BNB"
  },
  {
    "id": "EDOBTC",
    "asset": "EDO",
    "currency": "BTC",
    "min_size": "7.55287009063444",
    "max_size": "90000000.00000000",
    "increment": "0.0000001",
    "asset_increment": "0.01",
    "label": "EDO/BTC"
  },
  {
    "id": "EDOETH",
    "asset": "EDO",
    "currency": "ETH",
    "min_size": "2.6730820636193533",
    "max_size": "90000000.00000000",
    "increment": "0.000001",
    "asset_increment": "0.01",
    "label": "EDO/ETH"
  },
  {
    "id": "WINGSBTC",
    "asset": "WINGS",
    "currency": "BTC",
    "min_size": "46.59832246039142",
    "max_size": "90000000.00000000",
    "increment": "0.00000001",
    "asset_increment": "1.",
    "label": "WINGS/BTC"
  },
  {
    "id": "WINGSETH",
    "asset": "WINGS",
    "currency": "ETH",
    "min_size": "16.578249336870027",
    "max_size": "90000000.00000000",
    "increment": "0.0000001",
    "asset_increment": "1.",
    "label": "WINGS/ETH"
  },
  {
    "id": "NAVBTC",
    "asset": "NAV",
    "currency": "BTC",
    "min_size": "19.41747572815534",
    "max_size": "90000000.00000000",
    "increment": "0.0000001",
    "asset_increment": "0.01",
    "label": "NAV/BTC"
  },
  {
    "id": "NAVETH",
    "asset": "NAV",
    "currency": "ETH",
    "min_size": "6.901311249137336",
    "max_size": "90000000.00000000",
    "increment": "0.000001",
    "asset_increment": "0.01",
    "label": "NAV/ETH"
  },
  {
    "id": "NAVBNB",
    "asset": "NAV",
    "currency": "BNB",
    "min_size": "28.943560057887122",
    "max_size": "90000000.00000000",
    "increment": "0.00001",
    "asset_increment": "0.1",
    "label": "NAV/BNB"
  },
  {
    "id": "LUNBTC",
    "asset": "LUN",
    "currency": "BTC",
    "min_size": "1.884303749764462",
    "max_size": "90000000.00000000",
    "increment": "0.0000001",
    "asset_increment": "0.01",
    "label": "LUN/BTC"
  },
  {
    "id": "LUNETH",
    "asset": "LUN",
    "currency": "ETH",
    "min_size": "0.6732193348592971",
    "max_size": "90000000.00000000",
    "increment": "0.000001",
    "asset_increment": "0.01",
    "label": "LUN/ETH"
  },
  {
    "id": "TRIGBTC",
    "asset": "TRIG",
    "currency": "BTC",
    "min_size": "26.52519893899204",
    "max_size": "90000000.00000000",
    "increment": "0.0000001",
    "asset_increment": "0.01",
    "label": "TRIG/BTC"
  },
  {
    "id": "TRIGETH",
    "asset": "TRIG",
    "currency": "ETH",
    "min_size": "9.442870632672332",
    "max_size": "90000000.00000000",
    "increment": "0.000001",
    "asset_increment": "0.01",
    "label": "TRIG/ETH"
  },
  {
    "id": "TRIGBNB",
    "asset": "TRIG",
    "currency": "BNB",
    "min_size": "40.306328093510686",
    "max_size": "90000000.00000000",
    "increment": "0.00001",
    "asset_increment": "0.1",
    "label": "TRIG/BNB"
  },
  {
    "id": "APPCBTC",
    "asset": "APPC",
    "currency": "BTC",
    "min_size": "59.95203836930456",
    "max_size": "90000000.00000000",
    "increment": "0.00000001",
    "asset_increment": "1.",
    "label": "APPC/BTC"
  },
  {
    "id": "APPCETH",
    "asset": "APPC",
    "currency": "ETH",
    "min_size": "21.390374331550802",
    "max_size": "90000000.00000000",
    "increment": "0.0000001",
    "asset_increment": "1.",
    "label": "APPC/ETH"
  },
  {
    "id": "APPCBNB",
    "asset": "APPC",
    "currency": "BNB",
    "min_size": "88.261253309797",
    "max_size": "90000000.00000000",
    "increment": "0.00001",
    "asset_increment": "0.1",
    "label": "APPC/BNB"
  },
  {
    "id": "VIBEBTC",
    "asset": "VIBE",
    "currency": "BTC",
    "min_size": "80.38585209003216",
    "max_size": "90000000.00000000",
    "increment": "0.00000001",
    "asset_increment": "1.",
    "label": "VIBE/BTC"
  },
  {
    "id": "VIBEETH",
    "asset": "VIBE",
    "currency": "ETH",
    "min_size": "28.653295128939828",
    "max_size": "90000000.00000000",
    "increment": "0.0000001",
    "asset_increment": "1.",
    "label": "VIBE/ETH"
  },
  {
    "id": "RLCBTC",
    "asset": "RLC",
    "currency": "BTC",
    "min_size": "16.58374792703151",
    "max_size": "90000000.00000000",
    "increment": "0.0000001",
    "asset_increment": "0.01",
    "label": "RLC/BTC"
  },
  {
    "id": "RLCETH",
    "asset": "RLC",
    "currency": "ETH",
    "min_size": "5.920663114268798",
    "max_size": "90000000.00000000",
    "increment": "0.000001",
    "asset_increment": "0.01",
    "label": "RLC/ETH"
  },
  {
    "id": "RLCBNB",
    "asset": "RLC",
    "currency": "BNB",
    "min_size": "24.75247524752475",
    "max_size": "90000000.00000000",
    "increment": "0.00001",
    "asset_increment": "0.1",
    "label": "RLC/BNB"
  },
  {
    "id": "INSBTC",
    "asset": "INS",
    "currency": "BTC",
    "min_size": "17.969451931716083",
    "max_size": "90000000.00000000",
    "increment": "0.0000001",
    "asset_increment": "0.01",
    "label": "INS/BTC"
  },
  {
    "id": "INSETH",
    "asset": "INS",
    "currency": "ETH",
    "min_size": "6.367398917542184",
    "max_size": "90000000.00000000",
    "increment": "0.000001",
    "asset_increment": "0.01",
    "label": "INS/ETH"
  },
  {
    "id": "PIVXBTC",
    "asset": "PIVX",
    "currency": "BTC",
    "min_size": "5.932957579353308",
    "max_size": "90000000.00000000",
    "increment": "0.0000001",
    "asset_increment": "0.01",
    "label": "PIVX/BTC"
  },
  {
    "id": "PIVXETH",
    "asset": "PIVX",
    "currency": "ETH",
    "min_size": "2.113718030014796",
    "max_size": "90000000.00000000",
    "increment": "0.000001",
    "asset_increment": "0.01",
    "label": "PIVX/ETH"
  },
  {
    "id": "PIVXBNB",
    "asset": "PIVX",
    "currency": "BNB",
    "min_size": "8.975854950184004",
    "max_size": "90000000.00000000",
    "increment": "0.00001",
    "asset_increment": "0.1",
    "label": "PIVX/BNB"
  },
  {
    "id": "IOSTBTC",
    "asset": "IOST",
    "currency": "BTC",
    "min_size": "526.3157894736842",
    "max_size": "90000000.00000000",
    "increment": "0.00000001",
    "asset_increment": "1.",
    "label": "IOST/BTC"
  },
  {
    "id": "IOSTETH",
    "asset": "IOST",
    "currency": "ETH",
    "min_size": "187.09073900841906",
    "max_size": "90000000.00000000",
    "increment": "0.00000001",
    "asset_increment": "1.",
    "label": "IOST/ETH"
  },
  {
    "id": "CHATBTC",
    "asset": "CHAT",
    "currency": "BTC",
    "min_size": "303.030303030303",
    "max_size": "90000000.00000000",
    "increment": "0.00000001",
    "asset_increment": "1.",
    "label": "CHAT/BTC"
  },
  {
    "id": "CHATETH",
    "asset": "CHAT",
    "currency": "ETH",
    "min_size": "107.45755426606492",
    "max_size": "90000000.00000000",
    "increment": "0.00000001",
    "asset_increment": "1.",
    "label": "CHAT/ETH"
  },
  {
    "id": "STEEMBTC",
    "asset": "STEEM",
    "currency": "BTC",
    "min_size": "7.524454477050414",
    "max_size": "90000000.00000000",
    "increment": "0.0000001",
    "asset_increment": "0.01",
    "label": "STEEM/BTC"
  },
  {
    "id": "STEEMETH",
    "asset": "STEEM",
    "currency": "ETH",
    "min_size": "2.7041644131963225",
    "max_size": "90000000.00000000",
    "increment": "0.000001",
    "asset_increment": "0.01",
    "label": "STEEM/ETH"
  },
  {
    "id": "STEEMBNB",
    "asset": "STEEM",
    "currency": "BNB",
    "min_size": "11.423349326022391",
    "max_size": "90000000.00000000",
    "increment": "0.00001",
    "asset_increment": "0.1",
    "label": "STEEM/BNB"
  },
  {
    "id": "NANOBTC",
    "asset": "NANO",
    "currency": "BTC",
    "min_size": "2.9291154071470418",
    "max_size": "90000000.00000000",
    "increment": "0.0000001",
    "asset_increment": "0.01",
    "label": "NANO/BTC"
  },
  {
    "id": "NANOETH",
    "asset": "NANO",
    "currency": "ETH",
    "min_size": "1.0407993338884263",
    "max_size": "90000000.00000000",
    "increment": "0.000001",
    "asset_increment": "0.01",
    "label": "NANO/ETH"
  },
  {
    "id": "NANOBNB",
    "asset": "NANO",
    "currency": "BNB",
    "min_size": "4.424778761061948",
    "max_size": "10000000.00000000",
    "increment": "0.0001",
    "asset_increment": "0.01",
    "label": "NANO/BNB"
  },
  {
    "id": "VIABTC",
    "asset": "VIA",
    "currency": "BTC",
    "min_size": "10.638297872340427",
    "max_size": "90000000.00000000",
    "increment": "0.0000001",
    "asset_increment": "0.01",
    "label": "VIA/BTC"
  },
  {
    "id": "VIAETH",
    "asset": "VIA",
    "currency": "ETH",
    "min_size": "3.790750568612585",
    "max_size": "90000000.00000000",
    "increment": "0.000001",
    "asset_increment": "0.01",
    "label": "VIA/ETH"
  },
  {
    "id": "VIABNB",
    "asset": "VIA",
    "currency": "BNB",
    "min_size": "16.39344262295082",
    "max_size": "90000000.00000000",
    "increment": "0.00001",
    "asset_increment": "0.1",
    "label": "VIA/BNB"
  },
  {
    "id": "BLZBTC",
    "asset": "BLZ",
    "currency": "BTC",
    "min_size": "52.05622071837585",
    "max_size": "90000000.00000000",
    "increment": "0.00000001",
    "asset_increment": "1.",
    "label": "BLZ/BTC"
  },
  {
    "id": "BLZETH",
    "asset": "BLZ",
    "currency": "ETH",
    "min_size": "18.54805801832548",
    "max_size": "90000000.00000000",
    "increment": "0.00000001",
    "asset_increment": "1.",
    "label": "BLZ/ETH"
  },
  {
    "id": "BLZBNB",
    "asset": "BLZ",
    "currency": "BNB",
    "min_size": "78.74015748031496",
    "max_size": "90000000.00000000",
    "increment": "0.00001",
    "asset_increment": "0.1",
    "label": "BLZ/BNB"
  },
  {
    "id": "AEBTC",
    "asset": "AE",
    "currency": "BTC",
    "min_size": "6.114338122898197",
    "max_size": "90000000.00000000",
    "increment": "0.0000001",
    "asset_increment": "0.01",
    "label": "AE/BTC"
  },
  {
    "id": "AEETH",
    "asset": "AE",
    "currency": "ETH",
    "min_size": "2.1750951604132682",
    "max_size": "90000000.00000000",
    "increment": "0.000001",
    "asset_increment": "0.01",
    "label": "AE/ETH"
  },
  {
    "id": "AEBNB",
    "asset": "AE",
    "currency": "BNB",
    "min_size": "9.206407659731171",
    "max_size": "90000000.00000000",
    "increment": "0.00001",
    "asset_increment": "0.1",
    "label": "AE/BNB"
  },
  {
    "id": "RPXBTC",
    "asset": "RPX",
    "currency": "BTC",
    "min_size": "1",
    "max_size": "90000000.00000000",
    "increment": "0.00000001",
    "asset_increment": "1.",
    "label": "RPX/BTC"
  },
  {
    "id": "RPXETH",
    "asset": "RPX",
    "currency": "ETH",
    "min_size": "1",
    "max_size": "90000000.00000000",
    "increment": "0.00000001",
    "asset_increment": "1.",
    "label": "RPX/ETH"
  },
  {
    "id": "RPXBNB",
    "asset": "RPX",
    "currency": "BNB",
    "min_size": "1",
    "max_size": "90000000.00000000",
    "increment": "0.000001",
    "asset_increment": "1.",
    "label": "RPX/BNB"
  },
  {
    "id": "NCASHBTC",
    "asset": "NCASH",
    "currency": "BTC",
    "min_size": "1219.5121951219512",
    "max_size": "90000000.00000000",
    "increment": "0.00000001",
    "asset_increment": "1.",
    "label": "NCASH/BTC"
  },
  {
    "id": "NCASHETH",
    "asset": "NCASH",
    "currency": "ETH",
    "min_size": "432.9004329004329",
    "max_size": "90000000.00000000",
    "increment": "0.00000001",
    "asset_increment": "1.",
    "label": "NCASH/ETH"
  },
  {
    "id": "NCASHBNB",
    "asset": "NCASH",
    "currency": "BNB",
    "min_size": "1828.1535648994518",
    "max_size": "90000000.00000000",
    "increment": "0.000001",
    "asset_increment": "1.",
    "label": "NCASH/BNB"
  },
  {
    "id": "POABTC",
    "asset": "POA",
    "currency": "BTC",
    "min_size": "78.4313725490196",
    "max_size": "90000000.00000000",
    "increment": "0.00000001",
    "asset_increment": "1.",
    "label": "POA/BTC"
  },
  {
    "id": "POAETH",
    "asset": "POA",
    "currency": "ETH",
    "min_size": "28.161081385525204",
    "max_size": "90000000.00000000",
    "increment": "0.00000001",
    "asset_increment": "1.",
    "label": "POA/ETH"
  },
  {
    "id": "POABNB",
    "asset": "POA",
    "currency": "BNB",
    "min_size": "119.47431302270013",
    "max_size": "90000000.00000000",
    "increment": "0.00001",
    "asset_increment": "0.1",
    "label": "POA/BNB"
  },
  {
    "id": "ZILBTC",
    "asset": "ZIL",
    "currency": "BTC",
    "min_size": "187.26591760299627",
    "max_size": "90000000.00000000",
    "increment": "0.00000001",
    "asset_increment": "1.",
    "label": "ZIL/BTC"
  },
  {
    "id": "ZILETH",
    "asset": "ZIL",
    "currency": "ETH",
    "min_size": "66.86726847208291",
    "max_size": "90000000.00000000",
    "increment": "0.00000001",
    "asset_increment": "1.",
    "label": "ZIL/ETH"
  },
  {
    "id": "ZILBNB",
    "asset": "ZIL",
    "currency": "BNB",
    "min_size": "283.60748723766307",
    "max_size": "90000000.00000000",
    "increment": "0.000001",
    "asset_increment": "1.",
    "label": "ZIL/BNB"
  },
  {
    "id": "ONTBTC",
    "asset": "ONT",
    "currency": "BTC",
    "min_size": "3.3211557622052474",
    "max_size": "90000000.00000000",
    "increment": "0.0000001",
    "asset_increment": "0.01",
    "label": "ONT/BTC"
  },
  {
    "id": "ONTETH",
    "asset": "ONT",
    "currency": "ETH",
    "min_size": "1.1827321111768183",
    "max_size": "90000000.00000000",
    "increment": "0.000001",
    "asset_increment": "0.01",
    "label": "ONT/ETH"
  },
  {
    "id": "ONTBNB",
    "asset": "ONT",
    "currency": "BNB",
    "min_size": "4.991016170892394",
    "max_size": "90000000.00000000",
    "increment": "0.00001",
    "asset_increment": "0.1",
    "label": "ONT/BNB"
  },
  {
    "id": "STORMBTC",
    "asset": "STORM",
    "currency": "BTC",
    "min_size": "793.6507936507936",
    "max_size": "90000000.00000000",
    "increment": "0.00000001",
    "asset_increment": "1.",
    "label": "STORM/BTC"
  },
  {
    "id": "STORMETH",
    "asset": "STORM",
    "currency": "ETH",
    "min_size": "282.32636928289105",
    "max_size": "90000000.00000000",
    "increment": "0.00000001",
    "asset_increment": "1.",
    "label": "STORM/ETH"
  },
  {
    "id": "STORMBNB",
    "asset": "STORM",
    "currency": "BNB",
    "min_size": "1216.54501216545",
    "max_size": "90000000.00000000",
    "increment": "0.000001",
    "asset_increment": "1.",
    "label": "STORM/BNB"
  },
  {
    "id": "QTUMBNB",
    "asset": "QTUM",
    "currency": "BNB",
    "min_size": "2.5817111581556254",
    "max_size": "90000000.00000000",
    "increment": "0.00001",
    "asset_increment": "0.1",
    "label": "QTUM/BNB"
  },
  {
    "id": "QTUMUSDT",
    "asset": "QTUM",
    "currency": "USDT",
    "min_size": "2.5726781579624394",
    "max_size": "10000000.00000000",
    "increment": "0.001",
    "asset_increment": "0.001",
    "label": "QTUM/USDT"
  },
  {
    "id": "XEMBTC",
    "asset": "XEM",
    "currency": "BTC",
    "min_size": "69.10850034554251",
    "max_size": "90000000.00000000",
    "increment": "0.00000001",
    "asset_increment": "1.",
    "label": "XEM/BTC"
  },
  {
    "id": "XEMETH",
    "asset": "XEM",
    "currency": "ETH",
    "min_size": "24.653616685567773",
    "max_size": "90000000.00000000",
    "increment": "0.00000001",
    "asset_increment": "1.",
    "label": "XEM/ETH"
  },
  {
    "id": "XEMBNB",
    "asset": "XEM",
    "currency": "BNB",
    "min_size": "104.38413361169103",
    "max_size": "90000000.00000000",
    "increment": "0.00001",
    "asset_increment": "0.1",
    "label": "XEM/BNB"
  },
  {
    "id": "WANBTC",
    "asset": "WAN",
    "currency": "BTC",
    "min_size": "6.9930069930069925",
    "max_size": "90000000.00000000",
    "increment": "0.0000001",
    "asset_increment": "0.01",
    "label": "WAN/BTC"
  },
  {
    "id": "WANETH",
    "asset": "WAN",
    "currency": "ETH",
    "min_size": "2.4981264051961025",
    "max_size": "90000000.00000000",
    "increment": "0.000001",
    "asset_increment": "0.01",
    "label": "WAN/ETH"
  },
  {
    "id": "WANBNB",
    "asset": "WAN",
    "currency": "BNB",
    "min_size": "10.622477161674102",
    "max_size": "90000000.00000000",
    "increment": "0.00001",
    "asset_increment": "0.1",
    "label": "WAN/BNB"
  },
  {
    "id": "WPRBTC",
    "asset": "WPR",
    "currency": "BTC",
    "min_size": "265.2519893899204",
    "max_size": "90000000.00000000",
    "increment": "0.00000001",
    "asset_increment": "1.",
    "label": "WPR/BTC"
  },
  {
    "id": "WPRETH",
    "asset": "WPR",
    "currency": "ETH",
    "min_size": "93.68559115608019",
    "max_size": "90000000.00000000",
    "increment": "0.00000001",
    "asset_increment": "1.",
    "label": "WPR/ETH"
  },
  {
    "id": "QLCBTC",
    "asset": "QLC",
    "currency": "BTC",
    "min_size": "118.2033096926714",
    "max_size": "90000000.00000000",
    "increment": "0.00000001",
    "asset_increment": "1.",
    "label": "QLC/BTC"
  },
  {
    "id": "QLCETH",
    "asset": "QLC",
    "currency": "ETH",
    "min_size": "41.98857910648304",
    "max_size": "90000000.00000000",
    "increment": "0.00000001",
    "asset_increment": "1.",
    "label": "QLC/ETH"
  },
  {
    "id": "SYSBTC",
    "asset": "SYS",
    "currency": "BTC",
    "min_size": "71.63323782234957",
    "max_size": "90000000.00000000",
    "increment": "0.00000001",
    "asset_increment": "1.",
    "label": "SYS/BTC"
  },
  {
    "id": "SYSETH",
    "asset": "SYS",
    "currency": "ETH",
    "min_size": "25.33698185872099",
    "max_size": "90000000.00000000",
    "increment": "0.00000001",
    "asset_increment": "1.",
    "label": "SYS/ETH"
  },
  {
    "id": "SYSBNB",
    "asset": "SYS",
    "currency": "BNB",
    "min_size": "108.57763300760044",
    "max_size": "90000000.00000000",
    "increment": "0.00001",
    "asset_increment": "0.1",
    "label": "SYS/BNB"
  },
  {
    "id": "QLCBNB",
    "asset": "QLC",
    "currency": "BNB",
    "min_size": "181.1594202898551",
    "max_size": "90000000.00000000",
    "increment": "0.000001",
    "asset_increment": "1.",
    "label": "QLC/BNB"
  },
  {
    "id": "GRSBTC",
    "asset": "GRS",
    "currency": "BTC",
    "min_size": "11.813349084465447",
    "max_size": "90000000.00000000",
    "increment": "0.00000001",
    "asset_increment": "1.",
    "label": "GRS/BTC"
  },
  {
    "id": "GRSETH",
    "asset": "GRS",
    "currency": "ETH",
    "min_size": "4.225971128165253",
    "max_size": "90000000.00000000",
    "increment": "0.00000001",
    "asset_increment": "1.",
    "label": "GRS/ETH"
  },
  {
    "id": "ADAUSDT",
    "asset": "ADA",
    "currency": "USDT",
    "min_size": "116.22501162250116",
    "max_size": "90000000.00000000",
    "increment": "0.00001",
    "asset_increment": "0.1",
    "label": "ADA/USDT"
  },
  {
    "id": "ADABNB",
    "asset": "ADA",
    "currency": "BNB",
    "min_size": "116.41443538998836",
    "max_size": "90000000.00000000",
    "increment": "0.00001",
    "asset_increment": "0.1",
    "label": "ADA/BNB"
  },
  {
    "id": "CLOAKBTC",
    "asset": "CLOAK",
    "currency": "BTC",
    "min_size": "2.7862914460852606",
    "max_size": "90000000.00000000",
    "increment": "0.0000001",
    "asset_increment": "0.01",
    "label": "CLOAK/BTC"
  },
  {
    "id": "CLOAKETH",
    "asset": "CLOAK",
    "currency": "ETH",
    "min_size": "0.9872642906506071",
    "max_size": "90000000.00000000",
    "increment": "0.000001",
    "asset_increment": "0.01",
    "label": "CLOAK/ETH"
  },
  {
    "id": "GNTBTC",
    "asset": "GNT",
    "currency": "BTC",
    "min_size": "42.66211604095563",
    "max_size": "90000000.00000000",
    "increment": "0.00000001",
    "asset_increment": "1.",
    "label": "GNT/BTC"
  },
  {
    "id": "GNTETH",
    "asset": "GNT",
    "currency": "ETH",
    "min_size": "15.167602002123465",
    "max_size": "90000000.00000000",
    "increment": "0.00000001",
    "asset_increment": "1.",
    "label": "GNT/ETH"
  },
  {
    "id": "GNTBNB",
    "asset": "GNT",
    "currency": "BNB",
    "min_size": "64.14368184733803",
    "max_size": "90000000.00000000",
    "increment": "0.00001",
    "asset_increment": "0.1",
    "label": "GNT/BNB"
  },
  {
    "id": "LOOMBTC",
    "asset": "LOOM",
    "currency": "BTC",
    "min_size": "61.462814996926866",
    "max_size": "90000000.00000000",
    "increment": "0.00000001",
    "asset_increment": "1.",
    "label": "LOOM/BTC"
  },
  {
    "id": "LOOMETH",
    "asset": "LOOM",
    "currency": "ETH",
    "min_size": "21.765627720703463",
    "max_size": "90000000.00000000",
    "increment": "0.00000001",
    "asset_increment": "1.",
    "label": "LOOM/ETH"
  },
  {
    "id": "LOOMBNB",
    "asset": "LOOM",
    "currency": "BNB",
    "min_size": "92.85051067780873",
    "max_size": "90000000.00000000",
    "increment": "0.00001",
    "asset_increment": "0.1",
    "label": "LOOM/BNB"
  },
  {
    "id": "XRPUSDT",
    "asset": "XRP",
    "currency": "USDT",
    "min_size": "16.35309604990965",
    "max_size": "90000000.00000000",
    "increment": "0.00001",
    "asset_increment": "0.1",
    "label": "XRP/USDT"
  },
  {
    "id": "BCNBTC",
    "asset": "BCN",
    "currency": "BTC",
    "min_size": "2857.1428571428573",
    "max_size": "90000000.00000000",
    "increment": "0.00000001",
    "asset_increment": "1.",
    "label": "BCN/BTC"
  },
  {
    "id": "BCNETH",
    "asset": "BCN",
    "currency": "ETH",
    "min_size": "1013.1712259371834",
    "max_size": "90000000.00000000",
    "increment": "0.00000001",
    "asset_increment": "1.",
    "label": "BCN/ETH"
  },
  {
    "id": "BCNBNB",
    "asset": "BCN",
    "currency": "BNB",
    "min_size": "4310.3448275862065",
    "max_size": "90000000.00000000",
    "increment": "0.000001",
    "asset_increment": "1.",
    "label": "BCN/BNB"
  },
  {
    "id": "REPBTC",
    "asset": "REP",
    "currency": "BTC",
    "min_size": "0.4819277108433735",
    "max_size": "10000000.00000000",
    "increment": "0.000001",
    "asset_increment": "0.001",
    "label": "REP/BTC"
  },
  {
    "id": "REPETH",
    "asset": "REP",
    "currency": "ETH",
    "min_size": "0.17196904557179707",
    "max_size": "10000000.00000000",
    "increment": "0.00001",
    "asset_increment": "0.001",
    "label": "REP/ETH"
  },
  {
    "id": "REPBNB",
    "asset": "REP",
    "currency": "BNB",
    "min_size": "0.7352941176470589",
    "max_size": "10000000.00000000",
    "increment": "0.001",
    "asset_increment": "0.001",
    "label": "REP/BNB"
  },
  {
    "id": "TUSDBTC",
    "asset": "TUSD",
    "currency": "BTC",
    "min_size": "6.602403274792024",
    "max_size": "90000000.00000000",
    "increment": "0.00000001",
    "asset_increment": "1.",
    "label": "TUSD/BTC"
  },
  {
    "id": "TUSDETH",
    "asset": "TUSD",
    "currency": "ETH",
    "min_size": "2.343297816749424",
    "max_size": "90000000.00000000",
    "increment": "0.00000001",
    "asset_increment": "1.",
    "label": "TUSD/ETH"
  },
  {
    "id": "TUSDBNB",
    "asset": "TUSD",
    "currency": "BNB",
    "min_size": "9.939369843951892",
    "max_size": "90000000.00000000",
    "increment": "0.00001",
    "asset_increment": "0.1",
    "label": "TUSD/BNB"
  },
  {
    "id": "ZENBTC",
    "asset": "ZEN",
    "currency": "BTC",
    "min_size": "0.3993610223642172",
    "max_size": "10000000.00000000",
    "increment": "0.000001",
    "asset_increment": "0.001",
    "label": "ZEN/BTC"
  },
  {
    "id": "ZENETH",
    "asset": "ZEN",
    "currency": "ETH",
    "min_size": "0.14232849416453175",
    "max_size": "10000000.00000000",
    "increment": "0.00001",
    "asset_increment": "0.001",
    "label": "ZEN/ETH"
  },
  {
    "id": "ZENBNB",
    "asset": "ZEN",
    "currency": "BNB",
    "min_size": "0.6038647342995169",
    "max_size": "10000000.00000000",
    "increment": "0.001",
    "asset_increment": "0.001",
    "label": "ZEN/BNB"
  },
  {
    "id": "SKYBTC",
    "asset": "SKY",
    "currency": "BTC",
    "min_size": "1.9047619047619044",
    "max_size": "10000000.00000000",
    "increment": "0.000001",
    "asset_increment": "0.001",
    "label": "SKY/BTC"
  },
  {
    "id": "SKYETH",
    "asset": "SKY",
    "currency": "ETH",
    "min_size": "0.6784260515603799",
    "max_size": "10000000.00000000",
    "increment": "0.00001",
    "asset_increment": "0.001",
    "label": "SKY/ETH"
  },
  {
    "id": "SKYBNB",
    "asset": "SKY",
    "currency": "BNB",
    "min_size": "2.9239766081871346",
    "max_size": "10000000.00000000",
    "increment": "0.001",
    "asset_increment": "0.001",
    "label": "SKY/BNB"
  },
  {
    "id": "EOSUSDT",
    "asset": "EOS",
    "currency": "USDT",
    "min_size": "1.7147070423018227",
    "max_size": "10000000.00000000",
    "increment": "0.0001",
    "asset_increment": "0.01",
    "label": "EOS/USDT"
  },
  {
    "id": "EOSBNB",
    "asset": "EOS",
    "currency": "BNB",
    "min_size": "1.717032967032967",
    "max_size": "10000000.00000000",
    "increment": "0.0001",
    "asset_increment": "0.01",
    "label": "EOS/BNB"
  },
  {
    "id": "CVCBTC",
    "asset": "CVC",
    "currency": "BTC",
    "min_size": "52.219321148825074",
    "max_size": "90000000.00000000",
    "increment": "0.00000001",
    "asset_increment": "1.",
    "label": "CVC/BTC"
  },
  {
    "id": "CVCETH",
    "asset": "CVC",
    "currency": "ETH",
    "min_size": "18.557351494794663",
    "max_size": "90000000.00000000",
    "increment": "0.00000001",
    "asset_increment": "1.",
    "label": "CVC/ETH"
  },
  {
    "id": "CVCBNB",
    "asset": "CVC",
    "currency": "BNB",
    "min_size": "78.24726134585289",
    "max_size": "90000000.00000000",
    "increment": "0.00001",
    "asset_increment": "0.1",
    "label": "CVC/BNB"
  },
  {
    "id": "THETABTC",
    "asset": "THETA",
    "currency": "BTC",
    "min_size": "75.52870090634443",
    "max_size": "90000000.00000000",
    "increment": "0.00000001",
    "asset_increment": "1.",
    "label": "THETA/BTC"
  },
  {
    "id": "THETAETH",
    "asset": "THETA",
    "currency": "ETH",
    "min_size": "26.968716289104638",
    "max_size": "90000000.00000000",
    "increment": "0.00000001",
    "asset_increment": "1.",
    "label": "THETA/ETH"
  },
  {
    "id": "THETABNB",
    "asset": "THETA",
    "currency": "BNB",
    "min_size": "115.07479861910242",
    "max_size": "90000000.00000000",
    "increment": "0.00001",
    "asset_increment": "0.1",
    "label": "THETA/BNB"
  },
  {
    "id": "XRPBNB",
    "asset": "XRP",
    "currency": "BNB",
    "min_size": "16.339869281045754",
    "max_size": "90000000.00000000",
    "increment": "0.00001",
    "asset_increment": "0.1",
    "label": "XRP/BNB"
  },
  {
    "id": "TUSDUSDT",
    "asset": "TUSD",
    "currency": "USDT",
    "min_size": "9.957184108334163",
    "max_size": "10000000.00000000",
    "increment": "0.0001",
    "asset_increment": "0.01",
    "label": "TUSD/USDT"
  },
  {
    "id": "IOTAUSDT",
    "asset": "IOTA",
    "currency": "USDT",
    "min_size": "17.543859649122805",
    "max_size": "10000000.00000000",
    "increment": "0.0001",
    "asset_increment": "0.01",
    "label": "IOTA/USDT"
  },
  {
    "id": "XLMUSDT",
    "asset": "XLM",
    "currency": "USDT",
    "min_size": "3.8439361906592353",
    "max_size": "90000000.00000000",
    "increment": "0.00001",
    "asset_increment": "0.1",
    "label": "XLM/USDT"
  },
  {
    "id": "IOTXBTC",
    "asset": "IOTX",
    "currency": "BTC",
    "min_size": "507.6142131979695",
    "max_size": "90000000.00000000",
    "increment": "0.00000001",
    "asset_increment": "1.",
    "label": "IOTX/BTC"
  },
  {
    "id": "IOTXETH",
    "asset": "IOTX",
    "currency": "ETH",
    "min_size": "179.59770114942532",
    "max_size": "90000000.00000000",
    "increment": "0.00000001",
    "asset_increment": "1.",
    "label": "IOTX/ETH"
  },
  {
    "id": "QKCBTC",
    "asset": "QKC",
    "currency": "BTC",
    "min_size": "138.88888888888889",
    "max_size": "90000000.00000000",
    "increment": "0.00000001",
    "asset_increment": "1.",
    "label": "QKC/BTC"
  },
  {
    "id": "QKCETH",
    "asset": "QKC",
    "currency": "ETH",
    "min_size": "49.3583415597236",
    "max_size": "90000000.00000000",
    "increment": "0.00000001",
    "asset_increment": "1.",
    "label": "QKC/ETH"
  },
  {
    "id": "AGIBTC",
    "asset": "AGI",
    "currency": "BTC",
    "min_size": "146.19883040935673",
    "max_size": "90000000.00000000",
    "increment": "0.00000001",
    "asset_increment": "1.",
    "label": "AGI/BTC"
  },
  {
    "id": "AGIETH",
    "asset": "AGI",
    "currency": "ETH",
    "min_size": "51.99126546740148",
    "max_size": "90000000.00000000",
    "increment": "0.00000001",
    "asset_increment": "1.",
    "label": "AGI/ETH"
  },
  {
    "id": "AGIBNB",
    "asset": "AGI",
    "currency": "BNB",
    "min_size": "218.3406113537118",
    "max_size": "90000000.00000000",
    "increment": "0.00001",
    "asset_increment": "0.1",
    "label": "AGI/BNB"
  },
  {
    "id": "NXSBTC",
    "asset": "NXS",
    "currency": "BTC",
    "min_size": "7.993605115907274",
    "max_size": "90000000.00000000",
    "increment": "0.0000001",
    "asset_increment": "0.01",
    "label": "NXS/BTC"
  },
  {
    "id": "NXSETH",
    "asset": "NXS",
    "currency": "ETH",
    "min_size": "2.849002849002849",
    "max_size": "90000000.00000000",
    "increment": "0.000001",
    "asset_increment": "0.01",
    "label": "NXS/ETH"
  },
  {
    "id": "NXSBNB",
    "asset": "NXS",
    "currency": "BNB",
    "min_size": "12.062726176115802",
    "max_size": "10000000.00000000",
    "increment": "0.0001",
    "asset_increment": "0.01",
    "label": "NXS/BNB"
  },
  {
    "id": "ENJBNB",
    "asset": "ENJ",
    "currency": "BNB",
    "min_size": "165.53550736633008",
    "max_size": "90000000.00000000",
    "increment": "0.000001",
    "asset_increment": "1.",
    "label": "ENJ/BNB"
  },
  {
    "id": "DATABTC",
    "asset": "DATA",
    "currency": "BTC",
    "min_size": "149.92503748125938",
    "max_size": "90000000.00000000",
    "increment": "0.00000001",
    "asset_increment": "1.",
    "label": "DATA/BTC"
  },
  {
    "id": "DATAETH",
    "asset": "DATA",
    "currency": "ETH",
    "min_size": "53.42736549660736",
    "max_size": "90000000.00000000",
    "increment": "0.00000001",
    "asset_increment": "1.",
    "label": "DATA/ETH"
  },
  {
    "id": "ONTUSDT",
    "asset": "ONT",
    "currency": "USDT",
    "min_size": "5.006257822277847",
    "max_size": "10000000.00000000",
    "increment": "0.001",
    "asset_increment": "0.001",
    "label": "ONT/USDT"
  },
  {
    "id": "TRXBNB",
    "asset": "TRX",
    "currency": "BNB",
    "min_size": "447.42729306487695",
    "max_size": "90000000.00000000",
    "increment": "0.000001",
    "asset_increment": "1.",
    "label": "TRX/BNB"
  },
  {
    "id": "TRXUSDT",
    "asset": "TRX",
    "currency": "USDT",
    "min_size": "447.22719141323796",
    "max_size": "90000000.00000000",
    "increment": "0.00001",
    "asset_increment": "0.1",
    "label": "TRX/USDT"
  },
  {
    "id": "ETCUSDT",
    "asset": "ETC",
    "currency": "USDT",
    "min_size": "0.8783872809521719",
    "max_size": "10000000.00000000",
    "increment": "0.0001",
    "asset_increment": "0.01",
    "label": "ETC/USDT"
  },
  {
    "id": "ETCBNB",
    "asset": "ETC",
    "currency": "BNB",
    "min_size": "0.8815232722143865",
    "max_size": "10000000.00000000",
    "increment": "0.0001",
    "asset_increment": "0.01",
    "label": "ETC/BNB"
  },
  {
    "id": "ICXUSDT",
    "asset": "ICX",
    "currency": "USDT",
    "min_size": "15.20796897574329",
    "max_size": "10000000.00000000",
    "increment": "0.0001",
    "asset_increment": "0.01",
    "label": "ICX/USDT"
  },
  {
    "id": "SCBTC",
    "asset": "SC",
    "currency": "BTC",
    "min_size": "1075.268817204301",
    "max_size": "90000000.00000000",
    "increment": "0.00000001",
    "asset_increment": "1.",
    "label": "SC/BTC"
  },
  {
    "id": "SCETH",
    "asset": "SC",
    "currency": "ETH",
    "min_size": "383.5826620636747",
    "max_size": "90000000.00000000",
    "increment": "0.00000001",
    "asset_increment": "1.",
    "label": "SC/ETH"
  },
  {
    "id": "SCBNB",
    "asset": "SC",
    "currency": "BNB",
    "min_size": "1639.3442622950818",
    "max_size": "90000000.00000000",
    "increment": "0.000001",
    "asset_increment": "1.",
    "label": "SC/BNB"
  },
  {
    "id": "NPXSBTC",
    "asset": "NPXS",
    "currency": "BTC",
    "min_size": "4347.826086956522",
    "max_size": "90000000.00000000",
    "increment": "0.00000001",
    "asset_increment": "1.",
    "label": "NPXS/BTC"
  },
  {
    "id": "NPXSETH",
    "asset": "NPXS",
    "currency": "ETH",
    "min_size": "1515.151515151515",
    "max_size": "90000000.00000000",
    "increment": "0.00000001",
    "asset_increment": "1.",
    "label": "NPXS/ETH"
  },
  {
    "id": "VENUSDT",
    "asset": "VEN",
    "currency": "USDT",
    "min_size": "5.428586938819826",
    "max_size": "10000000.00000000",
    "increment": "0.0001",
    "asset_increment": "0.01",
    "label": "VEN/USDT"
  },
  {
    "id": "KEYBTC",
    "asset": "KEY",
    "currency": "BTC",
    "min_size": "1086.9565217391305",
    "max_size": "90000000.00000000",
    "increment": "0.00000001",
    "asset_increment": "1.",
    "label": "KEY/BTC"
  },
  {
    "id": "KEYETH",
    "asset": "KEY",
    "currency": "ETH",
    "min_size": "381.3882532418002",
    "max_size": "90000000.00000000",
    "increment": "0.00000001",
    "asset_increment": "1.",
    "label": "KEY/ETH"
  },
  {
    "id": "NASBTC",
    "asset": "NAS",
    "currency": "BTC",
    "min_size": "4.595588235294118",
    "max_size": "90000000.00000000",
    "increment": "0.0000001",
    "asset_increment": "0.01",
    "label": "NAS/BTC"
  },
  {
    "id": "NASETH",
    "asset": "NAS",
    "currency": "ETH",
    "min_size": "1.6329196603527107",
    "max_size": "90000000.00000000",
    "increment": "0.000001",
    "asset_increment": "0.01",
    "label": "NAS/ETH"
  },
  {
    "id": "NASBNB",
    "asset": "NAS",
    "currency": "BNB",
    "min_size": "7.001820473323064",
    "max_size": "90000000.00000000",
    "increment": "0.00001",
    "asset_increment": "0.1",
    "label": "NAS/BNB"
  },
  {
    "id": "MFTBTC",
    "asset": "MFT",
    "currency": "BTC",
    "min_size": "925.9259259259259",
    "max_size": "90000000.00000000",
    "increment": "0.00000001",
    "asset_increment": "1.",
    "label": "MFT/BTC"
  },
  {
    "id": "MFTETH",
    "asset": "MFT",
    "currency": "ETH",
    "min_size": "328.62306933946763",
    "max_size": "90000000.00000000",
    "increment": "0.00000001",
    "asset_increment": "1.",
    "label": "MFT/ETH"
  },
  {
    "id": "MFTBNB",
    "asset": "MFT",
    "currency": "BNB",
    "min_size": "1402.5245441795232",
    "max_size": "90000000.00000000",
    "increment": "0.000001",
    "asset_increment": "1.",
    "label": "MFT/BNB"
  },
  {
    "id": "DENTBTC",
    "asset": "DENT",
    "currency": "BTC",
    "min_size": "2941.176470588235",
    "max_size": "90000000.00000000",
    "increment": "0.00000001",
    "asset_increment": "1.",
    "label": "DENT/BTC"
  },
  {
    "id": "DENTETH",
    "asset": "DENT",
    "currency": "ETH",
    "min_size": "1054.8523206751054",
    "max_size": "90000000.00000000",
    "increment": "0.00000001",
    "asset_increment": "1.",
    "label": "DENT/ETH"
  },
  {
    "id": "ARDRBTC",
    "asset": "ARDR",
    "currency": "BTC",
    "min_size": "54.28881650380022",
    "max_size": "90000000.00000000",
    "increment": "0.00000001",
    "asset_increment": "1.",
    "label": "ARDR/BTC"
  },
  {
    "id": "ARDRETH",
    "asset": "ARDR",
    "currency": "ETH",
    "min_size": "19.2130341223486",
    "max_size": "90000000.00000000",
    "increment": "0.00000001",
    "asset_increment": "1.",
    "label": "ARDR/ETH"
  },
  {
    "id": "ARDRBNB",
    "asset": "ARDR",
    "currency": "BNB",
    "min_size": "82.98755186721992",
    "max_size": "90000000.00000000",
    "increment": "0.00001",
    "asset_increment": "0.1",
    "label": "ARDR/BNB"
  },
  {
    "id": "NULSUSDT",
    "asset": "NULS",
    "currency": "USDT",
    "min_size": "8.374507997655137",
    "max_size": "10000000.00000000",
    "increment": "0.0001",
    "asset_increment": "0.01",
    "label": "NULS/USDT"
  },
  {
    "id": "HOTBTC",
    "asset": "HOT",
    "currency": "BTC",
    "min_size": "6250",
    "max_size": "90000000.00000000",
    "increment": "0.00000001",
    "asset_increment": "1.",
    "label": "HOT/BTC"
  },
  {
    "id": "HOTETH",
    "asset": "HOT",
    "currency": "ETH",
    "min_size": "2364.0661938534276",
    "max_size": "90000000.00000000",
    "increment": "0.00000001",
    "asset_increment": "1.",
    "label": "HOT/ETH"
  },
  {
    "id": "VETBTC",
    "asset": "VET",
    "currency": "BTC",
    "min_size": "512.8205128205128",
    "max_size": "90000000.00000000",
    "increment": "0.00000001",
    "asset_increment": "1.",
    "label": "VET/BTC"
  },
  {
    "id": "VETETH",
    "asset": "VET",
    "currency": "ETH",
    "min_size": "182.74853801169593",
    "max_size": "90000000.00000000",
    "increment": "0.00000001",
    "asset_increment": "1.",
    "label": "VET/ETH"
  },
  {
    "id": "VETUSDT",
    "asset": "VET",
    "currency": "USDT",
    "min_size": "774.593338497289",
    "max_size": "90000000.00000000",
    "increment": "0.00001",
    "asset_increment": "0.1",
    "label": "VET/USDT"
  },
  {
    "id": "VETBNB",
    "asset": "VET",
    "currency": "BNB",
    "min_size": "781.2499999999999",
    "max_size": "90000000.00000000",
    "increment": "0.00001",
    "asset_increment": "0.1",
    "label": "VET/BNB"
  },
  {
    "id": "DOCKBTC",
    "asset": "DOCK",
    "currency": "BTC",
    "min_size": "358.4229390681004",
    "max_size": "90000000.00000000",
    "increment": "0.00000001",
    "asset_increment": "1.",
    "label": "DOCK/BTC"
  },
  {
    "id": "DOCKETH",
    "asset": "DOCK",
    "currency": "ETH",
    "min_size": "126.87135244861712",
    "max_size": "90000000.00000000",
    "increment": "0.00000001",
    "asset_increment": "1.",
    "label": "DOCK/ETH"
  },
  {
    "id": "POLYBTC",
    "asset": "POLY",
    "currency": "BTC",
    "min_size": "38.270187523918864",
    "max_size": "90000000.00000000",
    "increment": "0.00000001",
    "asset_increment": "1.",
    "label": "POLY/BTC"
  },
  {
    "id": "POLYBNB",
    "asset": "POLY",
    "currency": "BNB",
    "min_size": "57.4712643678161",
    "max_size": "90000000.00000000",
    "increment": "0.00001",
    "asset_increment": "0.1",
    "label": "POLY/BNB"
  },
  {
    "id": "PHXBTC",
    "asset": "PHX",
    "currency": "BTC",
    "min_size": "492.61083743842363",
    "max_size": "90000000.00000000",
    "increment": "0.00000001",
    "asset_increment": "1.",
    "label": "PHX/BTC"
  },
  {
    "id": "PHXETH",
    "asset": "PHX",
    "currency": "ETH",
    "min_size": "175.22340984755562",
    "max_size": "90000000.00000000",
    "increment": "0.00000001",
    "asset_increment": "1.",
    "label": "PHX/ETH"
  },
  {
    "id": "PHXBNB",
    "asset": "PHX",
    "currency": "BNB",
    "min_size": "745.156482861401",
    "max_size": "90000000.00000000",
    "increment": "0.000001",
    "asset_increment": "1.",
    "label": "PHX/BNB"
  },
  {
    "id": "HCBTC",
    "asset": "HC",
    "currency": "BTC",
    "min_size": "2.9351335485764602",
    "max_size": "90000000.00000000",
    "increment": "0.0000001",
    "asset_increment": "0.01",
    "label": "HC/BTC"
  },
  {
    "id": "HCETH",
    "asset": "HC",
    "currency": "ETH",
    "min_size": "1.0427528675703859",
    "max_size": "90000000.00000000",
    "increment": "0.000001",
    "asset_increment": "0.01",
    "label": "HC/ETH"
  },
  {
    "id": "GOBTC",
    "asset": "GO",
    "currency": "BTC",
    "min_size": "184.50184501845015",
    "max_size": "90000000.00000000",
    "increment": "0.00000001",
    "asset_increment": "1.",
    "label": "GO/BTC"
  },
  {
    "id": "GOBNB",
    "asset": "GO",
    "currency": "BNB",
    "min_size": "283.5270768358378",
    "max_size": "90000000.00000000",
    "increment": "0.000001",
    "asset_increment": "1.",
    "label": "GO/BNB"
  },
  {
    "id": "PAXBNB",
    "asset": "PAX",
    "currency": "BNB",
    "min_size": "9.990009990009991",
    "max_size": "90000000.00000000",
    "increment": "0.00001",
    "asset_increment": "0.1",
    "label": "PAX/BNB"
  }
]