[
  {
    "asset": "BCH",
    "currency": "ZEUR",
    "min_size": "0.002",
    "increment": "0.01",
    "label": "BCH/EUR"
  },
  {
    "asset": "BCH",
    "currency": "ZUSD",
    "min_size": "0.002",
    "increment": "0.01",
    "label": "BCH/USD"
  },
  {
    "asset": "BCH",
    "currency": "XXBT",
    "min_size": "0.002",
    "increment": "0.01",
    "label": "BCH/XBT"
  },
  {
    "asset": "DASH",
    "currency": "ZEUR",
    "min_size": "0.03",
    "increment": "0.01",
    "label": "DASH/EUR"
  },
  {
    "asset": "DASH",
    "currency": "ZUSD",
    "min_size": "0.03",
    "increment": "0.01",
    "label": "DASH/USD"
  },
  {
    "asset": "DASH",
    "currency": "XXBT",
    "min_size": "0.03",
    "increment": "0.01",
    "label": "DASH/XBT"
  },
  {
    "asset": "EOS",
    "currency": "XETH",
    "min_size": "3.0",
    "increment": "0.01",
    "label": "EOS/ETH"
  },
  {
    "asset": "EOS",
    "currency": "ZEUR",
    "min_size": "3.0",
    "increment": "0.01",
    "label": "EOS/EUR"
  },
  {
    "asset": "EOS",
    "currency": "ZUSD",
    "min_size": "3.0",
    "increment": "0.01",
    "label": "EOS/USD"
  },
  {
    "asset": "EOS",
    "currency": "XXBT",
    "min_size": "3.0",
    "increment": "0.01",
    "label": "EOS/XBT"
  },
  {
    "asset": "GNO",
    "currency": "XETH",
    "min_size": "0.03",
    "increment": "0.01",
    "label": "GNO/ETH"
  },
  {
    "asset": "GNO",
    "currency": "ZEUR",
    "min_size": "0.03",
    "increment": "0.01",
    "label": "GNO/EUR"
  },
  {
    "asset": "GNO",
    "currency": "ZUSD",
    "min_size": "0.03",
    "increment": "0.01",
    "label": "GNO/USD"
  },
  {
    "asset": "GNO",
    "currency": "XXBT",
    "min_size": "0.03",
    "increment": "0.01",
    "label": "GNO/XBT"
  },
  {
    "asset": "USDT",
    "currency": "ZUSD",
    "min_size": "5",
    "increment": "0.01",
    "label": "USDT/USD"
  },
  {
    "asset": "XETC",
    "currency": "XETH",
    "min_size": "0.3",
    "increment": "0.01",
    "label": "ETC/ETH"
  },
  {
    "asset": "XETC",
    "currency": "XXBT",
    "min_size": "0.3",
    "increment": "0.01",
    "label": "ETC/XBT"
  },
  {
    "asset": "XETC",
    "currency": "ZEUR",
    "min_size": "0.3",
    "increment": "0.01",
    "label": "ETC/EUR"
  },
  {
    "asset": "XETC",
    "currency": "ZUSD",
    "min_size": "0.3",
    "increment": "0.01",
    "label": "ETC/USD"
  },
  {
    "asset": "XETH",
    "currency": "XXBT",
    "min_size": "0.02",
    "increment": "0.01",
    "label": "ETH/XBT"
  },
  {
    "asset": "XETH",
    "currency": "ZCAD",
    "min_size": "0.02",
    "increment": "0.01",
    "label": "ETH/CAD"
  },
  {
    "asset": "XETH",
    "currency": "ZEUR",
    "min_size": "0.02",
    "increment": "0.01",
    "label": "ETH/EUR"
  },
  {
    "asset": "XETH",
    "currency": "ZGBP",
    "min_size": "0.02",
    "increment": "0.01",
    "label": "ETH/GBP"
  },
  {
    "asset": "XETH",
    "currency": "ZJPY",
    "min_size": "0.02",
    "increment": "0.01",
    "label": "ETH/JPY"
  },
  {
    "asset": "XETH",
    "currency": "ZUSD",
    "min_size": "0.02",
    "increment": "0.01",
    "label": "ETH/USD"
  },
  {
    "asset": "XICN",
    "currency": "XETH",
    "min_size": "2.0",
    "increment": "0.01",
    "label": "ICN/ETH"
  },
  {
    "asset": "XICN",
    "currency": "XXBT",
    "min_size": "2.0",
    "increment": "0.01",
    "label": "ICN/XBT"
  },
  {
    "asset": "XLTC",
    "currency": "XXBT",
    "min_size": "0.1",
    "increment": "0.01",
    "label": "LTC/XBT"
  },
  {
    "asset": "XLTC",
    "currency": "ZEUR",
    "min_size": "0.1",
    "increment": "0.01",
    "label": "LTC/EUR"
  },
  {
    "asset": "XLTC",
    "currency": "ZUSD",
    "min_size": "0.1",
    "increment": "0.01",
    "label": "LTC/USD"
  },
  {
    "asset": "XMLN",
    "currency": "XETH",
    "min_size": "0.1",
    "increment": "0.01",
    "label": "MLN/ETH"
  },
  {
    "asset": "XMLN",
    "currency": "XXBT",
    "min_size": "0.1",
    "increment": "0.01",
    "label": "MLN/XBT"
  },
  {
    "asset": "XREP",
    "currency": "XETH",
    "min_size": "0.3",
    "increment": "0.01",
    "label": "REP/ETH"
  },
  {
    "asset": "XREP",
    "currency": "XXBT",
    "min_size": "0.3",
    "increment": "0.01",
    "label": "REP/XBT"
  },
  {
    "asset": "XREP",
    "currency": "ZEUR",
    "min_size": "0.3",
    "increment": "0.01",
    "label": "REP/EUR"
  },
  {
    "asset": "XREP",
    "currency": "ZUSD",
    "min_size": "0.3",
    "increment": "0.01",
    "label": "REP/USD"
  },
  {
    "asset": "XXBT",
    "currency": "ZCAD",
    "min_size": "0.01",
    "increment": "0.01",
    "label": "XBT/CAD"
  },
  {
    "asset": "XXBT",
    "currency": "ZEUR",
    "min_size": "0.01",
    "increment": "0.01",
    "label": "XBT/EUR"
  },
  {
    "asset": "XXBT",
    "currency": "ZGBP",
    "min_size": "0.01",
    "increment": "0.01",
    "label": "XBT/GBP"
  },
  {
    "asset": "XXBT",
    "currency": "ZJPY",
    "min_size": "0.01",
    "increment": "0.01",
    "label": "XBT/JPY"
  },
  {
    "asset": "XXBT",
    "currency": "ZUSD",
    "min_size": "0.01",
    "increment": "0.01",
    "label": "XBT/USD"
  },
  {
    "asset": "XXDG",
    "currency": "XXBT",
    "min_size": "0.01",
    "increment": "0.01",
    "label": "XDG/XBT"
  },
  {
    "asset": "XXLM",
    "currency": "XXBT",
    "min_size": "300",
    "increment": "0.01",
    "label": "XLM/XBT"
  },
  {
    "asset": "XXLM",
    "currency": "ZEUR",
    "min_size": "300",
    "increment": "0.01",
    "label": "XLM/EUR"
  },
  {
    "asset": "XXLM",
    "currency": "ZUSD",
    "min_size": "300",
    "increment": "0.01",
    "label": "XLM/USD"
  },
  {
    "asset": "XXMR",
    "currency": "XXBT",
    "min_size": "0.1",
    "increment": "0.01",
    "label": "XMR/XBT"
  },
  {
    "asset": "XXMR",
    "currency": "ZEUR",
    "min_size": "0.1",
    "increment": "0.01",
    "label": "XMR/EUR"
  },
  {
    "asset": "XXMR",
    "currency": "ZUSD",
    "min_size": "0.1",
    "increment": "0.01",
    "label": "XMR/USD"
  },
  {
    "asset": "XXRP",
    "currency": "XXBT",
    "min_size": "30",
    "increment": "0.01",
    "label": "XRP/XBT"
  },
  {
    "asset": "XXRP",
    "currency": "ZCAD",
    "min_size": "30",
    "increment": "0.01",
    "label": "XRP/CAD"
  },
  {
    "asset": "XXRP",
    "currency": "ZEUR",
    "min_size": "30",
    "increment": "0.01",
    "label": "XRP/EUR"
  },
  {
    "asset": "XXRP",
    "currency": "ZJPY",
    "min_size": "30",
    "increment": "0.01",
    "label": "XRP/JPY"
  },
  {
    "asset": "XXRP",
    "currency": "ZUSD",
    "min_size": "30",
    "increment": "0.01",
    "label": "XRP/USD"
  },
  {
    "asset": "XZEC",
    "currency": "XXBT",
    "min_size": "0.03",
    "increment": "0.01",
    "label": "ZEC/XBT"
  },
  {
    "asset": "XZEC",
    "currency": "ZEUR",
    "min_size": "0.03",
    "increment": "0.01",
    "label": "ZEC/EUR"
  },
  {
    "asset": "XZEC",
    "currency": "ZJPY",
    "min_size": "0.03",
    "increment": "0.01",
    "label": "ZEC/JPY"
  },
  {
    "asset": "XZEC",
    "currency": "ZUSD",
    "min_size": "0.03",
    "increment": "0.01",
    "label": "ZEC/USD"
  }
]