	Current Date	8/8/2021			Generated Command (Copy and Paste This)	
	Last Updated	7/24/2017	v1.1.2			
	Modified by: 	effgee	Changelog		 zenbot  sim bitfinex.BTC-USD --strategy=macd --profit_stop_pct=1 --order_adjust_time=10000 --max_sell_loss_pct=0 --markup_pct=0.05 --order_type=maker --days=30 --currency_capital=1 --asset_capital=1 --avg_slippage_pct=0.3 --overbought_rsi_periods=0 --overbought_rsi=0	
	Original Author	kuhugo	Readme			
	Prefix					
	Exchange	bitfinex				
	Pair	BTC-USD				DESCRIPTION + DEFAULTS
	STRATEGY				COMMAND LINES	
	Executable	zenbot 	sim		 zenbot  sim	
	CHOOSE	strategy	MACD		 --strategy=macd	MACD - RSI - SAR - SPEED - TREND_EMA
	COMMON / ALL SETTINGS					
	COMMON / ALL	period		m		(MACD: 1h) (RSI: 2m) (SAR: 1m) (SPEED: 1m) (TREND_EMA:2m)
	COMMON / ALL	min_periods				Defaults: MACD, 52m - RSI, 52m - SAR, 52m - SPEED, 3000m - TREND_EMA,52m)
	COMMON / ALL	sell_stop_pct				sell if price drops below this % of bought price
	COMMON / ALL	buy_stop_pct				buy if price surges above this % of sold price
	COMMON / ALL	profit_stop_enable_pct				enable trailing sell stop when reaching this % profit
	COMMON / ALL	profit_stop_pct	1		 --profit_stop_pct=1	maintain a trailing stop this % below the high-water mark of profit
	COMMON / ALL	max_slippage_pct				avoid selling at a slippage pct above this float
	COMMON / ALL	buy_pct				buy with this % of currency balance, Default: 99
	COMMON / ALL	sell_pct				sell with this % of asset balance, Default: 99
	COMMON / ALL	order_adjust_time	10000		 --order_adjust_time=10000	adjust bid/ask on this interval to keep orders competitive, Default: 30000
	COMMON / ALL	max_sell_loss_pct	0		 --max_sell_loss_pct=0	avoid selling at a loss pct under this float
	COMMON / ALL	order_poll_time				poll order status on this interval, Default: 5000
	COMMON / ALL	wait_for_settlement				ms to wait for settlement (after an order cancel), Default: 5000
	COMMON / ALL	markup_pct	0.05		 --markup_pct=0.05	% to mark up or down ask/bid price
	COMMON / ALL	order_type	maker		 --order_type=maker	order type to use (maker/taker), Default: maker
	COMMON / ALL	reset_profit	NO			start new profit calculation from 0
	SIM / PAPER SETTINGS					
	SIM / PAPER	days	30		 --days=30	days to backtest / simulate
	SIM / PAPER	currency_capital	1		 --currency_capital=1	for paper trading, amount of start capital in currency, Default: 1000)
	SIM / PAPER	asset_capital	1		 --asset_capital=1	for paper trading, amount of start capital in asset
	SIM / PAPER	avg_slippage_pct	0.3		 --avg_slippage_pct=0.3	 avg. amount of slippage to apply to paper trades
	MACD SETTINGS					
	MACD	ema_short_period				number of periods for the shorter EMA, Default: 12
	MACD	ema_long_period				number of periods for the longer EMA, Default: 26
	MACD	signal_period				number of periods for the signal EMA, Default: 9
	MACD	up_trend_threshold				threshold to trigger a buy signal, Default: 0
	MACD	down_trend_threshold				threshold to trigger a sold signal, Default: 0
	MACD	overbought_rsi_periods	0		 --overbought_rsi_periods=0	number of periods for overbought RSI, Default: 25
	MACD	overbought_rsi	0		 --overbought_rsi=0	sold when RSI exceeds this value, Default: 70
	RSI SETTINGS					
	RSI	rsi_periods				number of RSI periods
	RSI	oversold_rsi				sell when RSI reaches or goes above this value, Default: 30
	RSI	overbought_rsi				buy when RSI reaches or drops below this value, Default: 82
	RSI	rsi_recover				allow RSI to recover this many points before buying, Default: 3
	RSI	rsi_drop				allow RSI to fall this many points before selling, Default: 0
	RSI	rsi_divisor				sell when RSI reaches high-water reading divided by this value, Default: 2
	SAR SETTINGS					
	SAR	sar_af				acceleration factor for parabolic SAR, Default: 0.025
	SAR	sar_max_af				max acceleration factor for parabolic SAR, Default: 0.55
	SPEED SETTINGS					
	SPEED	baseline_periods				lookback periods for volatility baseline, Default: 3000
	SPEED	trigger_factor				multiply with volatility baseline EMA to get trigger value, Default: 1.6
	TREND_ EMA SETTINGS					
	TREND_EMA	trend_ema				number of periods for trend EMA, Default: 26
	TREND_EMA	neutral_rate				avoid trades if abs(trend_ema) under this float (0 to disable, "auto" for a variable filter), Default: auto
	TREND_EMA	oversold_rsi_periods				number of periods for oversold RSI, Default: 14
	TREND_EMA	oversold_rsi				buy when RSI reaches this value, Default: 10