[
  {
    "asset": "BCH",
    "currency": "USD",
    "min_size": "0.0001",
    "max_size": "250",
    "increment": "0.01",
    "label": "BCH/USD"
  },
  {
    "asset": "LTC",
    "currency": "EUR",
    "min_size": "0.01",
    "max_size": "1000000",
    "increment": "0.01",
    "label": "LTC/EUR"
  },
  {
    "asset": "LTC",
    "currency": "USD",
    "min_size": "0.01",
    "max_size": "1000000",
    "increment": "0.01",
    "label": "LTC/USD"
  },
  {
    "asset": "LTC",
    "currency": "BTC",
    "min_size": "0.01",
    "max_size": "1000000",
    "increment": "0.00001",
    "label": "LTC/BTC"
  },
  {
    "asset": "ETH",
    "currency": "EUR",
    "min_size": "0.001",
    "max_size": "5000",
    "increment": "0.01",
    "label": "ETH/EUR"
  },
  {
    "asset": "ETH",
    "currency": "USD",
    "min_size": "0.001",
    "max_size": "5000",
    "increment": "0.01",
    "label": "ETH/USD"
  },
  {
    "asset": "ETH",
    "currency": "BTC",
    "min_size": "0.001",
    "max_size": "5000",
    "increment": "0.00001",
    "label": "ETH/BTC"
  },
  {
    "asset": "BTC",
    "currency": "GBP",
    "min_size": "0.0001",
    "max_size": "250",
    "increment": "0.01",
    "label": "BTC/GBP"
  },
  {
    "asset": "BTC",
    "currency": "EUR",
    "min_size": "0.0001",
    "max_size": "250",
    "increment": "0.01",
    "label": "BTC/EUR"
  },
  {
    "asset": "BTC",
    "currency": "USD",
    "min_size": "0.0001",
    "max_size": "250",
    "increment": "0.01",
    "label": "BTC/USD"
  }
]