[
  {
    "asset": "BTC",
    "currency": "USD",
    "min_size": "0.001",
    "max_size": "500000",
    "increment": "0.0001",
    "label": "BTC/USD"
  },
  {
    "asset": "BTC",
    "currency": "RUR",
    "min_size": "0.001",
    "max_size": "30000000",
    "increment": "0.0001",
    "label": "BTC/RUR"
  },
  {
    "asset": "BTC",
    "currency": "EUR",
    "min_size": "0.001",
    "max_size": "500000",
    "increment": "0.0001",
    "label": "BTC/EUR"
  },
  {
    "asset": "LTC",
    "currency": "BTC",
    "min_size": "0.01",
    "max_size": "10",
    "increment": "0.0001",
    "label": "LTC/BTC"
  },
  {
    "asset": "LTC",
    "currency": "USD",
    "min_size": "0.01",
    "max_size": "10000",
    "increment": "0.0001",
    "label": "LTC/USD"
  },
  {
    "asset": "LTC",
    "currency": "RUR",
    "min_size": "0.01",
    "max_size": "1000000",
    "increment": "0.0001",
    "label": "LTC/RUR"
  },
  {
    "asset": "LTC",
    "currency": "EUR",
    "min_size": "0.01",
    "max_size": "10000",
    "increment": "0.0001",
    "label": "LTC/EUR"
  },
  {
    "asset": "NMC",
    "currency": "BTC",
    "min_size": "0.1",
    "max_size": "10",
    "increment": "0.0001",
    "label": "NMC/BTC"
  },
  {
    "asset": "NMC",
    "currency": "USD",
    "min_size": "0.1",
    "max_size": "1000",
    "increment": "0.0001",
    "label": "NMC/USD"
  },
  {
    "asset": "NVC",
    "currency": "BTC",
    "min_size": "0.1",
    "max_size": "10",
    "increment": "0.0001",
    "label": "NVC/BTC"
  },
  {
    "asset": "NVC",
    "currency": "USD",
    "min_size": "0.1",
    "max_size": "1000",
    "increment": "0.0001",
    "label": "NVC/USD"
  },
  {
    "asset": "USD",
    "currency": "RUR",
    "min_size": "0.1",
    "max_size": "150",
    "increment": "0.0001",
    "label": "USD/RUR"
  },
  {
    "asset": "EUR",
    "currency": "USD",
    "min_size": "0.1",
    "max_size": "2",
    "increment": "0.0001",
    "label": "EUR/USD"
  },
  {
    "asset": "EUR",
    "currency": "RUR",
    "min_size": "0.1",
    "max_size": "200",
    "increment": "0.0001",
    "label": "EUR/RUR"
  },
  {
    "asset": "PPC",
    "currency": "BTC",
    "min_size": "0.1",
    "max_size": "10",
    "increment": "0.0001",
    "label": "PPC/BTC"
  },
  {
    "asset": "PPC",
    "currency": "USD",
    "min_size": "0.1",
    "max_size": "1000",
    "increment": "0.0001",
    "label": "PPC/USD"
  },
  {
    "asset": "DSH",
    "currency": "BTC",
    "min_size": "0.01",
    "max_size": "10",
    "increment": "0.0001",
    "label": "DSH/BTC"
  },
  {
    "asset": "DSH",
    "currency": "USD",
    "min_size": "0.01",
    "max_size": "50000",
    "increment": "0.0001",
    "label": "DSH/USD"
  },
  {
    "asset": "DSH",
    "currency": "RUR",
    "min_size": "0.01",
    "max_size": "3000000",
    "increment": "0.0001",
    "label": "DSH/RUR"
  },
  {
    "asset": "DSH",
    "currency": "EUR",
    "min_size": "0.01",
    "max_size": "50000",
    "increment": "0.0001",
    "label": "DSH/EUR"
  },
  {
    "asset": "DSH",
    "currency": "LTC",
    "min_size": "0.01",
    "max_size": "1000",
    "increment": "0.0001",
    "label": "DSH/LTC"
  },
  {
    "asset": "DSH",
    "currency": "ETH",
    "min_size": "0.01",
    "max_size": "1000",
    "increment": "0.0001",
    "label": "DSH/ETH"
  },
  {
    "asset": "DSH",
    "currency": "ZEC",
    "min_size": "0.01",
    "max_size": "1000",
    "increment": "0.0001",
    "label": "DSH/ZEC"
  },
  {
    "asset": "ETH",
    "currency": "BTC",
    "min_size": "0.01",
    "max_size": "10",
    "increment": "0.0001",
    "label": "ETH/BTC"
  },
  {
    "asset": "ETH",
    "currency": "USD",
    "min_size": "0.01",
    "max_size": "50000",
    "increment": "0.0001",
    "label": "ETH/USD"
  },
  {
    "asset": "ETH",
    "currency": "EUR",
    "min_size": "0.01",
    "max_size": "50000",
    "increment": "0.0001",
    "label": "ETH/EUR"
  },
  {
    "asset": "ETH",
    "currency": "LTC",
    "min_size": "0.01",
    "max_size": "1000",
    "increment": "0.0001",
    "label": "ETH/LTC"
  },
  {
    "asset": "ETH",
    "currency": "RUR",
    "min_size": "0.01",
    "max_size": "3000000",
    "increment": "0.0001",
    "label": "ETH/RUR"
  },
  {
    "asset": "ETH",
    "currency": "ZEC",
    "min_size": "0.01",
    "max_size": "1000",
    "increment": "0.0001",
    "label": "ETH/ZEC"
  },
  {
    "asset": "BCH",
    "currency": "USD",
    "min_size": "0.001",
    "max_size": "100000",
    "increment": "0.0001",
    "label": "BCH/USD"
  },
  {
    "asset": "BCH",
    "currency": "BTC",
    "min_size": "0.001",
    "max_size": "100",
    "increment": "0.0001",
    "label": "BCH/BTC"
  },
  {
    "asset": "BCH",
    "currency": "RUR",
    "min_size": "0.01",
    "max_size": "6000000",
    "increment": "0.0001",
    "label": "BCH/RUR"
  },
  {
    "asset": "BCH",
    "currency": "EUR",
    "min_size": "0.01",
    "max_size": "100000",
    "increment": "0.0001",
    "label": "BCH/EUR"
  },
  {
    "asset": "BCH",
    "currency": "LTC",
    "min_size": "0.01",
    "max_size": "1000",
    "increment": "0.0001",
    "label": "BCH/LTC"
  },
  {
    "asset": "BCH",
    "currency": "ETH",
    "min_size": "0.01",
    "max_size": "1000",
    "increment": "0.0001",
    "label": "BCH/ETH"
  },
  {
    "asset": "BCH",
    "currency": "DSH",
    "min_size": "0.01",
    "max_size": "1000",
    "increment": "0.0001",
    "label": "BCH/DSH"
  },
  {
    "asset": "BCH",
    "currency": "ZEC",
    "min_size": "0.01",
    "max_size": "1000",
    "increment": "0.0001",
    "label": "BCH/ZEC"
  },
  {
    "asset": "ZEC",
    "currency": "BTC",
    "min_size": "0.01",
    "max_size": "10",
    "increment": "0.0001",
    "label": "ZEC/BTC"
  },
  {
    "asset": "ZEC",
    "currency": "USD",
    "min_size": "0.01",
    "max_size": "30000",
    "increment": "0.0001",
    "label": "ZEC/USD"
  },
  {
    "asset": "ZEC",
    "currency": "LTC",
    "min_size": "0.01",
    "max_size": "1000",
    "increment": "0.0001",
    "label": "ZEC/LTC"
  },
  {
    "asset": "USDET",
    "currency": "USD",
    "min_size": "0.01",
    "max_size": "1",
    "increment": "0.0001",
    "label": "USDET/USD"
  },
  {
    "asset": "RURET",
    "currency": "RUR",
    "min_size": "0.01",
    "max_size": "1",
    "increment": "0.0001",
    "label": "RURET/RUR"
  },
  {
    "asset": "EURET",
    "currency": "EUR",
    "min_size": "0.01",
    "max_size": "1",
    "increment": "0.0001",
    "label": "EURET/EUR"
  },
  {
    "asset": "BTCET",
    "currency": "BTC",
    "min_size": "0.01",
    "max_size": "1",
    "increment": "0.0001",
    "label": "BTCET/BTC"
  },
  {
    "asset": "LTCET",
    "currency": "LTC",
    "min_size": "0.01",
    "max_size": "1",
    "increment": "0.0001",
    "label": "LTCET/LTC"
  },
  {
    "asset": "ETHET",
    "currency": "ETH",
    "min_size": "0.01",
    "max_size": "1",
    "increment": "0.0001",
    "label": "ETHET/ETH"
  },
  {
    "asset": "NMCET",
    "currency": "NMC",
    "min_size": "0.01",
    "max_size": "1",
    "increment": "0.0001",
    "label": "NMCET/NMC"
  },
  {
    "asset": "NVCET",
    "currency": "NVC",
    "min_size": "0.01",
    "max_size": "1",
    "increment": "0.0001",
    "label": "NVCET/NVC"
  },
  {
    "asset": "PPCET",
    "currency": "PPC",
    "min_size": "0.01",
    "max_size": "1",
    "increment": "0.0001",
    "label": "PPCET/PPC"
  },
  {
    "asset": "DSHET",
    "currency": "DSH",
    "min_size": "0.01",
    "max_size": "1",
    "increment": "0.0001",
    "label": "DSHET/DSH"
  },
  {
    "asset": "BCHET",
    "currency": "BCH",
    "min_size": "0.01",
    "max_size": "1",
    "increment": "0.0001",
    "label": "BCHET/BCH"
  },
  {
    "asset": "USDT",
    "currency": "USD",
    "min_size": "0.01",
    "max_size": "10",
    "increment": "0.0001",
    "label": "USDT/USD"
  },
  {
    "asset": "BTC",
    "currency": "USDT",
    "min_size": "0.001",
    "max_size": "500000",
    "increment": "0.0001",
    "label": "BTC/USDT"
  },
  {
    "asset": "XMR",
    "currency": "USD",
    "min_size": "0.01",
    "max_size": "10000",
    "increment": "0.0001",
    "label": "XMR/USD"
  },
  {
    "asset": "XMR",
    "currency": "BTC",
    "min_size": "0.01",
    "max_size": "1",
    "increment": "0.0001",
    "label": "XMR/BTC"
  },
  {
    "asset": "XMR",
    "currency": "ETH",
    "min_size": "0.01",
    "max_size": "30",
    "increment": "0.0001",
    "label": "XMR/ETH"
  },
  {
    "asset": "XMR",
    "currency": "RUR",
    "min_size": "0.01",
    "max_size": "500000",
    "increment": "0.0001",
    "label": "XMR/RUR"
  },
  {
    "asset": "ZEC",
    "currency": "RUR",
    "min_size": "0.01",
    "max_size": "500000",
    "increment": "0.0001",
    "label": "ZEC/RUR"
  },
  {
    "asset": "XMR",
    "currency": "EUR",
    "min_size": "0.01",
    "max_size": "10000",
    "increment": "0.0001",
    "label": "XMR/EUR"
  }
]