[
  {
    "asset": "AMP",
    "currency": "BTC",
    "min_total": "0.0001",
    "max_size": null,
    "increment": "0.00000001",
    "label": "Synereo AMP/Bitcoin"
  },
  {
    "asset": "ARDR",
    "currency": "BTC",
    "min_total": "0.0001",
    "max_size": null,
    "increment": "0.00000001",
    "label": "Ardor/Bitcoin"
  },
  {
    "asset": "BAT",
    "currency": "BTC",
    "min_total": "0.0001",
    "max_size": null,
    "increment": "0.00000001",
    "label": "Basic Attention Token/Bitcoin"
  },
  {
    "asset": "BAT",
    "currency": "ETH",
    "min_total": "0.0001",
    "max_size": null,
    "increment": "0.00000001",
    "label": "Basic Attention Token/Ethereum"
  },
  {
    "asset": "BAT",
    "currency": "USDT",
    "min_total": "1",
    "max_size": null,
    "increment": "0.00000001",
    "label": "Basic Attention Token/Tether USD"
  },
  {
    "asset": "BCH",
    "currency": "BTC",
    "min_total": "0.0001",
    "max_size": null,
    "increment": "0.00000001",
    "label": "Bitcoin Cash/Bitcoin"
  },
  {
    "asset": "BCH",
    "currency": "ETH",
    "min_total": "0.0001",
    "max_size": null,
    "increment": "0.00000001",
    "label": "Bitcoin Cash/Ethereum"
  },
  {
    "asset": "BCH",
    "currency": "USDT",
    "min_total": "1",
    "max_size": null,
    "increment": "0.00000001",
    "label": "Bitcoin Cash/Tether USD"
  },
  {
    "asset": "BCN",
    "currency": "BTC",
    "min_total": "0.0001",
    "max_size": null,
    "increment": "0.00000001",
    "label": "Bytecoin/Bitcoin"
  },
  {
    "asset": "BCN",
    "currency": "XMR",
    "min_total": "0.0001",
    "max_size": null,
    "increment": "0.00000001",
    "label": "Bytecoin/Monero"
  },
  {
    "asset": "BTC",
    "currency": "USDC",
    "min_total": "0.0001",
    "max_size": null,
    "increment": "0.00000001",
    "label": "Bitcoin/USD//Coin"
  },
  {
    "asset": "BTC",
    "currency": "USDT",
    "min_total": "1",
    "max_size": null,
    "increment": "0.00000001",
    "label": "Bitcoin/Tether USD"
  },
  {
    "asset": "BTS",
    "currency": "BTC",
    "min_total": "0.0001",
    "max_size": null,
    "increment": "0.00000001",
    "label": "BitShares/Bitcoin"
  },
  {
    "asset": "BURST",
    "currency": "BTC",
    "min_total": "0.0001",
    "max_size": null,
    "increment": "0.00000001",
    "label": "Burst/Bitcoin"
  },
  {
    "asset": "CLAM",
    "currency": "BTC",
    "min_total": "0.0001",
    "max_size": null,
    "increment": "0.00000001",
    "label": "CLAMS/Bitcoin"
  },
  {
    "asset": "CVC",
    "currency": "BTC",
    "min_total": "0.0001",
    "max_size": null,
    "increment": "0.00000001",
    "label": "Civic/Bitcoin"
  },
  {
    "asset": "CVC",
    "currency": "ETH",
    "min_total": "0.0001",
    "max_size": null,
    "increment": "0.00000001",
    "label": "Civic/Ethereum"
  },
  {
    "asset": "DASH",
    "currency": "BTC",
    "min_total": "0.0001",
    "max_size": null,
    "increment": "0.00000001",
    "label": "Dash/Bitcoin"
  },
  {
    "asset": "DASH",
    "currency": "USDT",
    "min_total": "1",
    "max_size": null,
    "increment": "0.00000001",
    "label": "Dash/Tether USD"
  },
  {
    "asset": "DASH",
    "currency": "XMR",
    "min_total": "0.0001",
    "max_size": null,
    "increment": "0.00000001",
    "label": "Dash/Monero"
  },
  {
    "asset": "DCR",
    "currency": "BTC",
    "min_total": "0.0001",
    "max_size": null,
    "increment": "0.00000001",
    "label": "Decred/Bitcoin"
  },
  {
    "asset": "DGB",
    "currency": "BTC",
    "min_total": "0.0001",
    "max_size": null,
    "increment": "0.00000001",
    "label": "DigiByte/Bitcoin"
  },
  {
    "asset": "DOGE",
    "currency": "BTC",
    "min_total": "0.0001",
    "max_size": null,
    "increment": "0.00000001",
    "label": "Dogecoin/Bitcoin"
  },
  {
    "asset": "DOGE",
    "currency": "USDT",
    "min_total": "1",
    "max_size": null,
    "increment": "0.00000001",
    "label": "Dogecoin/Tether USD"
  },
  {
    "asset": "EOS",
    "currency": "BTC",
    "min_total": "0.0001",
    "max_size": null,
    "increment": "0.00000001",
    "label": "EOS/Bitcoin"
  },
  {
    "asset": "EOS",
    "currency": "ETH",
    "min_total": "0.0001",
    "max_size": null,
    "increment": "0.00000001",
    "label": "EOS/Ethereum"
  },
  {
    "asset": "EOS",
    "currency": "USDT",
    "min_total": "1",
    "max_size": null,
    "increment": "0.00000001",
    "label": "EOS/Tether USD"
  },
  {
    "asset": "ETC",
    "currency": "BTC",
    "min_total": "0.0001",
    "max_size": null,
    "increment": "0.00000001",
    "label": "Ethereum Classic/Bitcoin"
  },
  {
    "asset": "ETC",
    "currency": "ETH",
    "min_total": "0.0001",
    "max_size": null,
    "increment": "0.00000001",
    "label": "Ethereum Classic/Ethereum"
  },
  {
    "asset": "ETC",
    "currency": "USDT",
    "min_total": "1",
    "max_size": null,
    "increment": "0.00000001",
    "label": "Ethereum Classic/Tether USD"
  },
  {
    "asset": "ETH",
    "currency": "BTC",
    "min_total": "0.0001",
    "max_size": null,
    "increment": "0.00000001",
    "label": "Ethereum/Bitcoin"
  },
  {
    "asset": "ETH",
    "currency": "USDC",
    "min_total": "0.0001",
    "max_size": null,
    "increment": "0.00000001",
    "label": "Ethereum/USD//Coin"
  },
  {
    "asset": "ETH",
    "currency": "USDT",
    "min_total": "1",
    "max_size": null,
    "increment": "0.00000001",
    "label": "Ethereum/Tether USD"
  },
  {
    "asset": "EXP",
    "currency": "BTC",
    "min_total": "0.0001",
    "max_size": null,
    "increment": "0.00000001",
    "label": "Expanse/Bitcoin"
  },
  {
    "asset": "FCT",
    "currency": "BTC",
    "min_total": "0.0001",
    "max_size": null,
    "increment": "0.00000001",
    "label": "Factom/Bitcoin"
  },
  {
    "asset": "GAME",
    "currency": "BTC",
    "min_total": "0.0001",
    "max_size": null,
    "increment": "0.00000001",
    "label": "GameCredits/Bitcoin"
  },
  {
    "asset": "GAS",
    "currency": "BTC",
    "min_total": "0.0001",
    "max_size": null,
    "increment": "0.00000001",
    "label": "Gas/Bitcoin"
  },
  {
    "asset": "GAS",
    "currency": "ETH",
    "min_total": "0.0001",
    "max_size": null,
    "increment": "0.00000001",
    "label": "Gas/Ethereum"
  },
  {
    "asset": "GNO",
    "currency": "BTC",
    "min_total": "0.0001",
    "max_size": null,
    "increment": "0.00000001",
    "label": "Gnosis/Bitcoin"
  },
  {
    "asset": "GNO",
    "currency": "ETH",
    "min_total": "0.0001",
    "max_size": null,
    "increment": "0.00000001",
    "label": "Gnosis/Ethereum"
  },
  {
    "asset": "GNT",
    "currency": "BTC",
    "min_total": "0.0001",
    "max_size": null,
    "increment": "0.00000001",
    "label": "Golem/Bitcoin"
  },
  {
    "asset": "GNT",
    "currency": "ETH",
    "min_total": "0.0001",
    "max_size": null,
    "increment": "0.00000001",
    "label": "Golem/Ethereum"
  },
  {
    "asset": "GNT",
    "currency": "USDT",
    "min_total": "1",
    "max_size": null,
    "increment": "0.00000001",
    "label": "Golem/Tether USD"
  },
  {
    "asset": "HUC",
    "currency": "BTC",
    "min_total": "0.0001",
    "max_size": null,
    "increment": "0.00000001",
    "label": "Huntercoin/Bitcoin"
  },
  {
    "asset": "KNC",
    "currency": "BTC",
    "min_total": "0.0001",
    "max_size": null,
    "increment": "0.00000001",
    "label": "Kyber/Bitcoin"
  },
  {
    "asset": "KNC",
    "currency": "ETH",
    "min_total": "0.0001",
    "max_size": null,
    "increment": "0.00000001",
    "label": "Kyber/Ethereum"
  },
  {
    "asset": "KNC",
    "currency": "USDT",
    "min_total": "1",
    "max_size": null,
    "increment": "0.00000001",
    "label": "Kyber/Tether USD"
  },
  {
    "asset": "LBC",
    "currency": "BTC",
    "min_total": "0.0001",
    "max_size": null,
    "increment": "0.00000001",
    "label": "LBRY Credits/Bitcoin"
  },
  {
    "asset": "LOOM",
    "currency": "BTC",
    "min_total": "0.0001",
    "max_size": null,
    "increment": "0.00000001",
    "label": "LOOM Network/Bitcoin"
  },
  {
    "asset": "LOOM",
    "currency": "ETH",
    "min_total": "0.0001",
    "max_size": null,
    "increment": "0.00000001",
    "label": "LOOM Network/Ethereum"
  },
  {
    "asset": "LOOM",
    "currency": "USDT",
    "min_total": "1",
    "max_size": null,
    "increment": "0.00000001",
    "label": "LOOM Network/Tether USD"
  },
  {
    "asset": "LSK",
    "currency": "BTC",
    "min_total": "0.0001",
    "max_size": null,
    "increment": "0.00000001",
    "label": "Lisk/Bitcoin"
  },
  {
    "asset": "LSK",
    "currency": "ETH",
    "min_total": "0.0001",
    "max_size": null,
    "increment": "0.00000001",
    "label": "Lisk/Ethereum"
  },
  {
    "asset": "LSK",
    "currency": "USDT",
    "min_total": "1",
    "max_size": null,
    "increment": "0.00000001",
    "label": "Lisk/Tether USD"
  },
  {
    "asset": "LTC",
    "currency": "BTC",
    "min_total": "0.0001",
    "max_size": null,
    "increment": "0.00000001",
    "label": "Litecoin/Bitcoin"
  },
  {
    "asset": "LTC",
    "currency": "USDT",
    "min_total": "1",
    "max_size": null,
    "increment": "0.00000001",
    "label": "Litecoin/Tether USD"
  },
  {
    "asset": "LTC",
    "currency": "XMR",
    "min_total": "0.0001",
    "max_size": null,
    "increment": "0.00000001",
    "label": "Litecoin/Monero"
  },
  {
    "asset": "MAID",
    "currency": "BTC",
    "min_total": "0.0001",
    "max_size": null,
    "increment": "0.00000001",
    "label": "MaidSafeCoin/Bitcoin"
  },
  {
    "asset": "MAID",
    "currency": "XMR",
    "min_total": "0.0001",
    "max_size": null,
    "increment": "0.00000001",
    "label": "MaidSafeCoin/Monero"
  },
  {
    "asset": "NAV",
    "currency": "BTC",
    "min_total": "0.0001",
    "max_size": null,
    "increment": "0.00000001",
    "label": "NAVCoin/Bitcoin"
  },
  {
    "asset": "NMC",
    "currency": "BTC",
    "min_total": "0.0001",
    "max_size": null,
    "increment": "0.00000001",
    "label": "Namecoin/Bitcoin"
  },
  {
    "asset": "NXT",
    "currency": "BTC",
    "min_total": "0.0001",
    "max_size": null,
    "increment": "0.00000001",
    "label": "NXT/Bitcoin"
  },
  {
    "asset": "NXT",
    "currency": "USDT",
    "min_total": "1",
    "max_size": null,
    "increment": "0.00000001",
    "label": "NXT/Tether USD"
  },
  {
    "asset": "NXT",
    "currency": "XMR",
    "min_total": "0.0001",
    "max_size": null,
    "increment": "0.00000001",
    "label": "NXT/Monero"
  },
  {
    "asset": "OMG",
    "currency": "BTC",
    "min_total": "0.0001",
    "max_size": null,
    "increment": "0.00000001",
    "label": "OmiseGO/Bitcoin"
  },
  {
    "asset": "OMG",
    "currency": "ETH",
    "min_total": "0.0001",
    "max_size": null,
    "increment": "0.00000001",
    "label": "OmiseGO/Ethereum"
  },
  {
    "asset": "OMNI",
    "currency": "BTC",
    "min_total": "0.0001",
    "max_size": null,
    "increment": "0.00000001",
    "label": "Omni/Bitcoin"
  },
  {
    "asset": "PASC",
    "currency": "BTC",
    "min_total": "0.0001",
    "max_size": null,
    "increment": "0.00000001",
    "label": "PascalCoin/Bitcoin"
  },
  {
    "asset": "PPC",
    "currency": "BTC",
    "min_total": "0.0001",
    "max_size": null,
    "increment": "0.00000001",
    "label": "Peercoin/Bitcoin"
  },
  {
    "asset": "QTUM",
    "currency": "BTC",
    "min_total": "0.0001",
    "max_size": null,
    "increment": "0.00000001",
    "label": "Qtum/Bitcoin"
  },
  {
    "asset": "QTUM",
    "currency": "ETH",
    "min_total": "0.0001",
    "max_size": null,
    "increment": "0.00000001",
    "label": "Qtum/Ethereum"
  },
  {
    "asset": "QTUM",
    "currency": "USDT",
    "min_total": "1",
    "max_size": null,
    "increment": "0.00000001",
    "label": "Qtum/Tether USD"
  },
  {
    "asset": "REP",
    "currency": "BTC",
    "min_total": "0.0001",
    "max_size": null,
    "increment": "0.00000001",
    "label": "Augur/Bitcoin"
  },
  {
    "asset": "REP",
    "currency": "ETH",
    "min_total": "0.0001",
    "max_size": null,
    "increment": "0.00000001",
    "label": "Augur/Ethereum"
  },
  {
    "asset": "REP",
    "currency": "USDT",
    "min_total": "1",
    "max_size": null,
    "increment": "0.00000001",
    "label": "Augur/Tether USD"
  },
  {
    "asset": "SBD",
    "currency": "BTC",
    "min_total": "0.0001",
    "max_size": null,
    "increment": "0.00000001",
    "label": "Steem Dollars/Bitcoin"
  },
  {
    "asset": "SC",
    "currency": "BTC",
    "min_total": "0.0001",
    "max_size": null,
    "increment": "0.00000001",
    "label": "Siacoin/Bitcoin"
  },
  {
    "asset": "SC",
    "currency": "USDT",
    "min_total": "1",
    "max_size": null,
    "increment": "0.00000001",
    "label": "Siacoin/Tether USD"
  },
  {
    "asset": "SNT",
    "currency": "BTC",
    "min_total": "0.0001",
    "max_size": null,
    "increment": "0.00000001",
    "label": "Status/Bitcoin"
  },
  {
    "asset": "SNT",
    "currency": "ETH",
    "min_total": "0.0001",
    "max_size": null,
    "increment": "0.00000001",
    "label": "Status/Ethereum"
  },
  {
    "asset": "SNT",
    "currency": "USDT",
    "min_total": "1",
    "max_size": null,
    "increment": "0.00000001",
    "label": "Status/Tether USD"
  },
  {
    "asset": "STEEM",
    "currency": "BTC",
    "min_total": "0.0001",
    "max_size": null,
    "increment": "0.00000001",
    "label": "STEEM/Bitcoin"
  },
  {
    "asset": "STEEM",
    "currency": "ETH",
    "min_total": "0.0001",
    "max_size": null,
    "increment": "0.00000001",
    "label": "STEEM/Ethereum"
  },
  {
    "asset": "STORJ",
    "currency": "BTC",
    "min_total": "0.0001",
    "max_size": null,
    "increment": "0.00000001",
    "label": "Storj/Bitcoin"
  },
  {
    "asset": "STR",
    "currency": "BTC",
    "min_total": "0.0001",
    "max_size": null,
    "increment": "0.00000001",
    "label": "Stellar/Bitcoin"
  },
  {
    "asset": "STR",
    "currency": "USDT",
    "min_total": "1",
    "max_size": null,
    "increment": "0.00000001",
    "label": "Stellar/Tether USD"
  },
  {
    "asset": "STRAT",
    "currency": "BTC",
    "min_total": "0.0001",
    "max_size": null,
    "increment": "0.00000001",
    "label": "Stratis/Bitcoin"
  },
  {
    "asset": "SYS",
    "currency": "BTC",
    "min_total": "0.0001",
    "max_size": null,
    "increment": "0.00000001",
    "label": "Syscoin/Bitcoin"
  },
  {
    "asset": "USDT",
    "currency": "USDC",
    "min_total": "0.0001",
    "max_size": null,
    "increment": "0.00000001",
    "label": "Tether USD/USD//Coin"
  },
  {
    "asset": "VIA",
    "currency": "BTC",
    "min_total": "0.0001",
    "max_size": null,
    "increment": "0.00000001",
    "label": "Viacoin/Bitcoin"
  },
  {
    "asset": "VTC",
    "currency": "BTC",
    "min_total": "0.0001",
    "max_size": null,
    "increment": "0.00000001",
    "label": "Vertcoin/Bitcoin"
  },
  {
    "asset": "XCP",
    "currency": "BTC",
    "min_total": "0.0001",
    "max_size": null,
    "increment": "0.00000001",
    "label": "Counterparty/Bitcoin"
  },
  {
    "asset": "XEM",
    "currency": "BTC",
    "min_total": "0.0001",
    "max_size": null,
    "increment": "0.00000001",
    "label": "NEM/Bitcoin"
  },
  {
    "asset": "XMR",
    "currency": "BTC",
    "min_total": "0.0001",
    "max_size": null,
    "increment": "0.00000001",
    "label": "Monero/Bitcoin"
  },
  {
    "asset": "XMR",
    "currency": "USDT",
    "min_total": "1",
    "max_size": null,
    "increment": "0.00000001",
    "label": "Monero/Tether USD"
  },
  {
    "asset": "XPM",
    "currency": "BTC",
    "min_total": "0.0001",
    "max_size": null,
    "increment": "0.00000001",
    "label": "Primecoin/Bitcoin"
  },
  {
    "asset": "XRP",
    "currency": "BTC",
    "min_total": "0.0001",
    "max_size": null,
    "increment": "0.00000001",
    "label": "Ripple/Bitcoin"
  },
  {
    "asset": "XRP",
    "currency": "USDT",
    "min_total": "1",
    "max_size": null,
    "increment": "0.00000001",
    "label": "Ripple/Tether USD"
  },
  {
    "asset": "ZEC",
    "currency": "BTC",
    "min_total": "0.0001",
    "max_size": null,
    "increment": "0.00000001",
    "label": "Zcash/Bitcoin"
  },
  {
    "asset": "ZEC",
    "currency": "ETH",
    "min_total": "0.0001",
    "max_size": null,
    "increment": "0.00000001",
    "label": "Zcash/Ethereum"
  },
  {
    "asset": "ZEC",
    "currency": "USDT",
    "min_total": "1",
    "max_size": null,
    "increment": "0.00000001",
    "label": "Zcash/Tether USD"
  },
  {
    "asset": "ZEC",
    "currency": "XMR",
    "min_total": "0.0001",
    "max_size": null,
    "increment": "0.00000001",
    "label": "Zcash/Monero"
  },
  {
    "asset": "ZRX",
    "currency": "BTC",
    "min_total": "0.0001",
    "max_size": null,
    "increment": "0.00000001",
    "label": "0x/Bitcoin"
  },
  {
    "asset": "ZRX",
    "currency": "ETH",
    "min_total": "0.0001",
    "max_size": null,
    "increment": "0.00000001",
    "label": "0x/Ethereum"
  },
  {
    "asset": "ZRX",
    "currency": "USDT",
    "min_total": "1",
    "max_size": null,
    "increment": "0.00000001",
    "label": "0x/Tether USD"
  }
]